0,   5068,  10.34,   1.86, 0
0,  13268,  10.31,   1.76, 0
0,  13551,  10.31,   1.80, 0
0,  13833,  10.31,   1.81, 0
0,  14115,  10.31,   1.81, 0
0,  14397,  10.32,   1.78, 0
0,  14679,  10.30,   1.77, 0
0,  14961,  10.32,   1.81, 0
0,  15243,  10.30,   1.73, 0
0,  15525,  10.31,   1.77, 0
0,  15807,  10.30,   1.79, 0
0,  16089,  10.30,   1.82, 0
0,  16371,  10.31,   1.79, 0
0,  16653,  10.34,   1.69, 0
0,  16935,  10.32,   1.80, 0
0,  17217,  10.31,   1.78, 0
0,  17499,  10.31,   1.79, 0
0,  17781,  10.31,   1.80, 0
0,  18063,  10.31,   1.80, 0
0,  18345,  10.30,   1.80, 0
0,  18627,  10.31,   1.80, 0
0,  18909,  10.31,   1.78, 0
0,  19191,  10.31,   1.80, 0
0,  19473,  10.30,   1.79, 0
0,  19755,  10.31,   1.80, 0
0,  20037,  10.32,   1.80, 0
0,  20319,  10.29,   1.92, 0
0,  20601,  10.32,   1.54, 0
0,  20883,  10.31,   1.73, 0
0,  21165,  10.29,   1.79, 0
0,  21447,  10.31,   1.80, 0
0,  21729,  10.33,   1.78, 0
0,  22011,  10.30,   1.76, 0
0,  22293,  10.30,   1.82, 0
0,  22575,  10.32,   1.82, 0
0,  22857,  10.30,   1.80, 0
0,  23139,  10.31,   1.80, 0
0,  23421,  10.31,   1.81, 0
0,  23703,  10.29,   1.77, 0
0,  23985,  10.31,   1.82, 0
0,  24267,  10.31,   1.81, 0
0,  24549,  10.31,   1.79, 0
0,  24831,  10.30,   1.80, 0
0,  25113,  10.29,   1.78, 0
0,  25395,  10.32,   1.84, 0
0,  25677,  10.32,   1.81, 0
0,  25959,  10.30,   1.81, 0
0,  26241,  10.30,   1.82, 0
0,  26523,  10.32,   1.82, 0
0,  26805,  10.31,   1.78, 0
0,  27087,  10.30,   1.82, 0
0,  27369,  10.30,   1.79, 0
0,  27651,  10.30,   1.79, 0
0,  27933,  10.31,   1.80, 0
0,  28215,  10.30,   1.80, 0
0,  28497,  10.29,   1.81, 0
0,  28779,  10.31,   1.79, 0
0,  29061,  10.31,   1.79, 0
0,  29343,  10.30,   1.77, 0
0,  29625,  10.29,   1.80, 0
0,  29907,  10.29,   1.80, 0
0,  30189,  10.30,   1.79, 0
0,  30471,  10.31,   1.82, 0
0,  30753,  10.31,   1.79, 0
0,  31035,  10.30,   1.79, 0
0,  31317,  10.30,   1.81, 0
0,  31599,  10.32,   1.81, 0
0,  31881,  10.31,   1.78, 0
0,  32163,  10.30,   1.81, 0
0,  32445,  10.30,   1.83, 0
0,  32727,  10.31,   1.81, 0
0,  33009,  10.31,   1.78, 0
0,  33291,  10.29,   1.79, 0
0,  33573,  10.29,   1.80, 0
0,  33855,  10.31,   1.82, 0
0,  34137,  10.31,   1.78, 0
0,  34419,  10.30,   1.79, 0
0,  34701,  10.29,   1.79, 0
0,  34983,  10.30,   1.82, 0
0,  35265,  10.31,   1.80, 0
0,  35547,  10.31,   1.78, 0
0,  35829,  10.30,   1.83, 0
0,  36111,  10.29,   1.82, 0
0,  36393,  10.30,   1.82, 0
0,  36675,  10.31,   1.80, 0
0,  36957,  10.33,   1.81, 0
0,  37239,  10.29,   1.81, 0
0,  37521,  10.32,   1.83, 0
0,  37803,  10.29,   1.74, 0
0,  38085,  10.29,   1.82, 0
0,  38367,  10.30,   1.87, 0
0,  38649,  10.29,   1.87, 0
0,  38931,  10.26,   1.87, 0
0,  39213,  10.33,   1.89, 0
0,  39495,  10.33,   1.82, 0
0,  39777,  10.29,   1.68, 0
0,  40059,  10.33,   1.74, 0
0,  40341,  10.31,   1.82, 0
0,  40623,  10.28,   1.86, 0
0,  40905,  10.30,   1.83, 0
0,  41187,  10.32,   1.83, 0
0,  41469,  10.32,   1.78, 0
0,  41751,  10.30,   1.78, 0
0,  42033,  10.29,   1.81, 0
0,  42315,  10.28,   1.81, 0
0,  42597,  10.30,   1.81, 0
0,  42879,  10.30,   1.81, 0
0,  43161,  10.31,   1.82, 0
0,  43443,  10.31,   1.81, 0
0,  43725,  10.29,   1.78, 0
0,  44007,  10.28,   1.88, 0
0,  44289,  10.31,   1.82, 0
0,  44571,  10.30,   1.86, 0
0,  44853,  10.30,   1.81, 0
0,  45135,  10.29,   1.75, 0
0,  45417,  10.28,   1.86, 0
0,  45699,  10.36,   2.04, 0
0,  45981,  10.33,   1.84, 0
0,  46263,  10.27,   1.83, 0
0,  46545,  10.52,  51.99, 0
0,  46827,  10.22,   8.30, 0
0,  47109,  10.33,   8.68, 0
0,  47391,  10.30,   2.34, 0
0,  47673,  10.29,  11.87, 0
0,  47955,  10.31,   6.28, 0
0,  48237,  10.30,   1.90, 0
0,  48519,  10.29,   5.52, 0
0,  48801,  10.30,   1.96, 0
0,  49083,  10.30,   1.81, 0
0,  49365,  10.30,   4.19, 0
0,  49647,  10.29,   4.98, 0
0,  49929,  10.24,   7.49, 0
0,  50211,  10.31,   4.61, 0
0,  50493,  10.24,  15.61, 0
0,  50776,  10.33,   4.95, 0
0,  51058,  10.30,   2.44, 0
0,  51340,  10.31,   8.09, 0
0,  13233,  10.20,   1.77, 0
0,  13516,  10.29,   1.80, 0
0,  13798,  10.30,   1.82, 0
0,  14080,  10.30,   1.85, 0
0,  14362,  10.32,   1.76, 0
0,  14644,  10.29,   1.78, 0
0,  14926,  10.30,   1.85, 0
0,  15208,  10.30,   1.84, 0
0,  15490,  10.30,   1.79, 0
0,  15772,  10.29,   1.76, 0
0,  16054,  10.30,   1.81, 0
0,  16336,  10.30,   1.81, 0
0,  16618,  10.29,   1.78, 0
0,  16900,  10.30,   1.80, 0
0,  17182,  10.30,   1.79, 0
0,  17464,  10.30,   1.79, 0
0,  17746,  10.29,   1.80, 0
0,  18028,  10.29,   1.81, 0
0,  18310,  10.30,   1.82, 0
0,  18592,  10.30,   1.81, 0
0,  18874,  10.30,   1.86, 0
0,  19156,  10.30,   1.77, 0
0,  19438,  10.29,   1.81, 0
0,  19720,  10.28,   1.76, 0
0,  20002,  10.30,   1.78, 0
0,  20284,  10.28,   1.79, 0
0,  20566,  10.29,   1.78, 0
0,  20848,  10.33,   1.86, 0
0,  21130,  10.30,   1.86, 0
0,  21412,  10.29,   1.79, 0
0,  21694,  10.29,   1.83, 0
0,  21976,  10.29,   1.79, 0
0,  22258,  10.29,   1.78, 0
0,  22540,  10.28,   1.83, 0
0,  22822,  10.27,   1.79, 0
0,  23104,  10.30,   1.81, 0
0,  23386,  10.30,   1.77, 0
0,  23668,  10.30,   1.81, 0
0,  23950,  10.30,   1.81, 0
0,  24232,  10.30,   1.84, 0
0,  24514,  10.31,   1.79, 0
0,  24796,  10.30,   1.81, 0
0,  25078,  10.29,   1.81, 0
0,  25360,  10.29,   1.82, 0
0,  25642,  10.30,   1.81, 0
0,  25924,  10.30,   1.79, 0
0,  26206,  10.32,   1.99, 0
0,  26488,  10.29,   1.76, 0
0,  26770,  10.30,   1.81, 0
0,  27052,  10.30,   1.80, 0
0,  27334,  10.31,   1.81, 0
0,  27616,  10.34,   1.86, 0
0,  27898,  10.29,   1.75, 0
0,  28180,  10.30,   1.83, 0
0,  28462,  10.30,   1.82, 0
0,  28744,  10.30,   1.82, 0
0,  29026,  10.30,   1.82, 0
0,  29308,  10.29,   1.81, 0
0,  29590,  10.30,   1.82, 0
0,  29872,  10.29,   1.80, 0
0,  30154,  10.29,   1.81, 0
0,  30436,  10.30,   1.81, 0
0,  30718,  10.30,   1.81, 0
0,  31000,  10.30,   1.82, 0
0,  31282,  10.30,   1.81, 0
0,  31564,  10.30,   1.79, 0
0,  31846,  10.29,   1.81, 0
0,  32128,  10.30,   1.80, 0
0,  32410,  10.28,   1.80, 0
0,  32692,  10.30,   1.81, 0
0,  32974,  10.30,   1.80, 0
0,  33256,  10.30,   1.80, 0
0,  33538,  10.29,   1.80, 0
0,  33820,  10.29,   1.81, 0
0,  34102,  10.31,   1.79, 0
0,  34384,  10.28,   1.77, 0
0,  34666,  10.30,   1.82, 0
0,  34948,  10.30,   1.81, 0
0,  35230,  10.31,   1.80, 0
0,  35512,  10.28,   1.82, 0
0,  35794,  10.35,   1.52, 0
0,  36076,  10.29,   1.78, 0
0,  36358,  10.47,   2.16, 0
0,  36640,  10.29,   1.77, 0
0,  36922,  10.27,   1.83, 0
0,  37204,  10.31,   1.81, 0
0,  37486,  10.29,   1.82, 0
0,  37768,  10.31,   1.80, 0
0,  38050,  10.31,   1.81, 0
0,  38332,  10.31,   1.83, 0
0,  38614,  10.31,   1.84, 0
0,  38896,  10.29,   1.86, 0
0,  39178,  10.35,   1.77, 0
0,  39460,  10.29,   1.82, 0
0,  39742,  10.29,   1.80, 0
0,  40024,  10.32,   1.84, 0
0,  40306,  10.31,   1.90, 0
0,  40588,  10.30,   1.81, 0
0,  40870,  10.29,   1.81, 0
0,  41152,  10.30,   1.78, 0
0,  41434,  10.29,   1.81, 0
0,  41716,  10.29,   1.78, 0
0,  41998,  10.29,   1.80, 0
0,  42280,  10.30,   1.79, 0
0,  42562,  10.29,   1.84, 0
0,  42844,  10.31,   1.85, 0
0,  43126,  10.31,   1.80, 0
0,  43408,  10.28,   1.83, 0
0,  43690,  10.29,   1.77, 0
0,  43972,  10.30,   1.80, 0
0,  44254,  10.31,   1.82, 0
0,  44536,  10.30,   1.82, 0
0,  44818,  10.31,   1.83, 0
0,  45100,  10.39,   2.02, 0
0,  45382,  10.33,   1.92, 0
0,  45664,  10.31,   1.82, 0
0,  45946,  10.32,   1.84, 0
0,  46228,  10.29,   1.78, 0
0,  46510,  10.29,   1.79, 0
0,  46792,  10.31,   1.85, 0
0,  47074,  10.30,   1.86, 0
0,  47356,  10.29,   1.80, 0
0,  47638,  10.28,   1.80, 0
0,  47920,  10.29,   1.96, 0
0,  48202,  10.29,   1.87, 0
0,  48484,  10.29,   1.83, 0
0,  48766,  10.28,   1.85, 0
0,  49048,  10.31,   1.83, 0
0,  49330,  10.29,   1.76, 0
0,  49612,  10.31,   1.82, 0
0,  49894,  10.31,   1.82, 0
0,  50176,  10.29,   1.85, 0
0,  50458,  10.31,   1.87, 0
0,  50740,  10.30,   1.85, 0
0,  51022,  10.30,   1.80, 0
0,  51304,  10.30,   1.84, 0
0,  51586,  10.30,   1.78, 0
0,  51868,  10.29,   1.82, 0
0,  52150,  10.31,   1.79, 0
0,  52432,  10.30,   1.78, 0
0,  52714,  10.28,   1.86, 0
0,  52996,  10.25,   1.80, 0
0,  53278,  10.30,   1.74, 0
0,  53560,  10.29,   1.82, 0
0,  53842,  10.29,   1.79, 0
0,  54124,  10.30,   1.78, 0
0,  54406,  10.27,   1.71, 0
0,  54688,  10.28,   1.80, 0
0,  54970,  10.30,   1.83, 0
0,  55252,  10.29,   1.73, 0
0,  55534,  10.30,   1.81, 0
0,  55816,  10.30,   1.84, 0
0,  56098,  10.32,   1.84, 0
0,  56380,  10.30,   1.79, 0
0,  56662,  10.30,   1.82, 0
0,  56944,  10.29,   1.81, 0
0,  57226,  10.29,   1.78, 0
0,  57508,  10.29,   1.82, 0
0,  57790,  10.28,   1.81, 0
0,  58072,  10.28,   1.83, 0
0,  58354,  10.23,   1.56, 0
0,  58636,  10.42,   2.57, 0
0,  58918,  10.26,   1.83, 0
0,  59200,  10.34,   1.76, 0
0,  59482,  10.29,   1.73, 0
0,  59764,  10.33,   1.80, 0
0,  60046,  10.31,   1.82, 0
0,  60328,  10.32,   1.81, 0
0,  60610,  10.29,   1.79, 0
0,  60892,  10.29,   1.80, 0
0,  61174,  10.31,   1.84, 0
0,  61456,  10.30,   1.80, 0
0,  61738,  10.30,   1.83, 0
0,  62020,  10.29,   1.84, 0
0,  62302,  10.23,   1.75, 0
0,  62584,  10.29,   1.91, 0
0,  62866,  10.32,   1.93, 0
0,  63148,  10.32,   1.83, 0
0,  63430,  10.20,   1.78, 0
0,  63712,  10.29,   1.77, 0
0,  63994,  10.29,   1.84, 0
0,  64276,  10.27,   1.79, 0
0,  64558,  10.30,   1.87, 0
0,  64840,  10.30,   1.88, 0
0,  65122,  10.28,   1.82, 0
0,  65404,  10.38,   1.88, 0
0,  65686,  10.28,   1.82, 0
0,  65968,  10.30,   1.64, 0
0,  66250,  10.30,   1.89, 0
0,   5854,  10.31,   1.89, 0
0,   6137,  10.26,   2.04, 0
0,   6419,  10.30,   1.75, 0
0,   6701,  10.27,   3.13, 0
0,   6983,  10.32,   1.59, 0
0,   7265,  10.27,   1.84, 0
0,   7547,  10.30,   1.90, 0
0,   7829,  10.26,   1.73, 0
0,   8111,  10.25,   1.77, 0
0,   8393,  10.31,   1.82, 0
0,   8675,  10.29,   1.79, 0
0,   8957,  10.30,   1.83, 0
0,   9239,  10.32,   1.81, 0
0,   9521,  10.28,   1.81, 0
0,   9803,  10.30,   1.82, 0
0,  10085,  10.29,   1.77, 0
0,  10367,  10.29,   1.78, 0
0,  10649,  10.31,   1.82, 0
0,  10931,  10.30,   1.78, 0
0,  11213,  10.30,   1.83, 0
0,  11495,  10.30,   1.83, 0
0,  11777,  10.28,   1.81, 0
0,  12059,  10.30,   1.79, 0
0,  12341,  10.30,   1.80, 0
0,  12623,  10.29,   1.83, 0
0,  12905,  10.31,   1.82, 0
0,  13187,  10.29,   1.82, 0
0,  13469,  10.30,   1.82, 0
0,  13751,  10.30,   1.80, 0
0,  14033,  10.30,   1.82, 0
0,  14315,  10.30,   1.83, 0
0,  14597,  10.30,   1.80, 0
0,  14879,  10.30,   1.79, 0
0,  15161,  10.31,   1.80, 0
0,  15443,  10.30,   1.81, 0
0,  15725,  10.30,   1.81, 0
0,  16007,  10.31,   1.82, 0
0,  16289,  10.31,   1.82, 0
0,  16571,  10.30,   1.81, 0
0,  16853,  10.29,   1.82, 0
0,  17135,  10.30,   1.79, 0
0,  17417,  10.30,   1.80, 0
0,  17699,  10.30,   1.80, 0
0,  17981,  10.31,   1.81, 0
0,  18263,  10.32,   1.80, 0
0,  18545,  10.29,   1.83, 0
0,  18827,  10.28,   1.81, 0
0,  19109,  10.21,   1.82, 0
0,  19391,  10.27,   1.84, 0
0,  19673,  10.40,   1.83, 0
0,  19955,  10.18,   4.03, 0
0,  20237,  10.34,   4.43, 0
0,  20519,  10.99,  35.94, 0
0,  20802,   9.56,  44.59, 0
0,  21084,  10.66,   6.46, 0
0,  21366,  10.17,  42.02, 0
0,  21649,  10.78,  54.49, 0
0,  21932,  10.88,  61.88, 0
0,  22214,   9.49,  40.12, 0
0,  22496,   9.49,  26.98, 0
0,  22778,   9.74,  65.90, 0
0,  23060,  10.48,  43.55, 0
0,  23342,   9.34,  79.50, 0
0,  23624,  10.04, 107.48, 0
0,  23907,   9.53,  91.41, 0
0,  24189,  10.20,  64.01, 0
0,  24471,  10.48,  30.54, 0
0,  24753,  10.32,  48.90, 0
0,  25036,   9.76,  63.76, 0
0,  25318,  10.05,  57.03, 0
0,  25600,   9.54,  21.44, 0
0,  25882,  11.07,  24.04, 0
0,  26164,   9.92,  26.97, 0
0,  26446,  11.11,  62.05, 0
0,  26728,   9.82,  47.70, 0
0,  27010,   9.96,  14.29, 0
0,  27292,  10.45,  31.66, 0
0,  27575,  12.13,  55.00, 0
0,  27857,   9.27,  75.72, 0
0,  28139,   7.58,  41.64, 0
0,  28421,   8.94, 100.39, 0
0,  28703,  11.52,  53.54, 0
0,  28986,  10.77, 115.45, 0
0,  29269,  10.50,  13.85, 0
0,  29551,  10.11,  25.56, 0
0,  29833,   9.69,  18.80, 0
0,  30115,  11.13,  22.90, 0
0,  30398,  10.48,  34.64, 0
0,  30681,  10.02,  32.78, 0
0,  30964,  10.37,  16.72, 0
0,  31246,   9.82,  23.22, 0
0,  31528,   9.80,  72.72, 0
0,  31810,   9.96,  28.77, 0
0,  32092,  10.42,  19.71, 0
0,  32374,   9.94,  13.29, 0
0,  32656,  10.29,   6.42, 0
0,  32938,  10.25,  12.18, 0
0,  33221,  10.70,  16.08, 0
1,  33516,   4.04,  67.36, 0
2,  33771,  17.09,  95.37, 0
2,  34053,  10.32,  12.49, 0
2,  34335,  10.27,   2.76, 0
2,  34617,  10.32,   3.35, 0
2,  34899,  10.24,   4.45, 0
2,  35181,  10.15,   5.44, 0
2,  35463,  10.39,  13.72, 0
2,  35746,   9.89,  18.71, 0
2,  36028,  10.90,   6.90, 0
0,  36283,   9.77,  10.59, 0
0,  36565,   9.94,   3.87, 0
0,  36847,  10.00,   9.21, 0
0,  37129,  10.37,   6.06, 0
0,  37411,  10.30,  10.39, 0
0,  37693,  11.76,  21.59, 0
0,  37976,  11.15,  47.02, 0
0,  38259,   9.67,  45.58, 0
0,  38541,  10.33,  16.88, 0
0,  38823,   9.99,  42.02, 0
1,  39079,   3.85,  44.99, 0
2,  39334,  17.68,  79.93, 0
2,  39616,  10.74,  13.38, 0
2,  39899,  10.31,   9.80, 0
2,  40181,  10.35,   5.89, 0
2,  40463,  10.31,   4.30, 0
2,  40745,  10.26,   4.12, 0
2,  41027,  10.26,   3.48, 0
2,  41309,  10.24,   2.48, 0
2,  41591,  10.31,   1.89, 0
3,  42350,  10.01,   4.36, 0
3,  42632,  10.28,  12.25, 0
3,  42914,  10.04,   6.85, 0
3,  43196,  10.29,  12.20, 0
3,  43478,  10.57,   6.55, 0
3,  43760,  10.18,   4.45, 0
3,  44042,  10.27,   1.92, 0
3,  44324,  10.21,   3.64, 0
3,  44606,  10.31,   4.85, 0
3,  44888,  10.21,   2.27, 0
3,  45170,  10.25,   1.62, 0
3,  45452,  10.35,   3.00, 0
3,  45734,  11.09,   6.16, 0
3,  46016,  10.17,  32.20, 0
3,  46299,  11.24,  59.46, 0
3,  46582,  10.29,   5.10, 0
3,  46864,   9.12,  44.80, 0
3,  47146,   9.28,  57.85, 0
3,  47428,  10.07,  78.17, 0
3,  47710,  10.31,  60.73, 0
3,  47992,  10.41,  39.49, 0
3,  48275,  10.34,  28.05, 0
3,  48557,  10.41,  21.22, 0
3,  48840,  10.84,  20.08, 0
3,  49122,  10.04,   3.79, 0
3,  49404,  10.28,   3.23, 0
3,  49686,  10.64,   3.58, 0
3,  49968,  10.05,   9.25, 0
3,  50250,  10.36,   6.02, 0
3,  50532,  10.32,   2.49, 0
3,  50814,  10.30,   0.91, 0
3,  51096,  10.27,   3.28, 0
3,  51378,  10.27,   1.89, 0
3,  51660,  10.27,   2.65, 0
3,  51942,  10.25,   1.89, 0
3,  52224,  10.32,   1.94, 0
3,  52506,  10.30,   2.56, 0
3,  52788,  10.29,   3.17, 0
3,  53070,  10.28,   1.32, 0
4,  53781,  10.34,   0.66, 0
4,  54063,  10.29,   1.85, 0
4,  54345,  10.29,   1.96, 0
4,  54627,  10.28,   1.96, 0
4,  54909,  10.28,   1.38, 0
4,  55191,  10.30,   3.35, 0
4,  55473,  10.31,   5.23, 0
4,  55755,  10.29,   6.90, 0
4,  56037,  10.34,   8.58, 0
4,  56319,  10.22,  28.27, 0
4,  56602,  10.53,  14.63, 0
4,  56885,   9.87,  10.40, 0
4,  57167,  10.73,  38.06, 0
4,  57450,  10.44,  13.46, 0
4,  57733,  10.42,   5.03, 0
4,  58015,  10.31,   2.86, 0
4,  58297,  10.47,  10.90, 0
4,  58580,  10.22,  14.00, 0
0,  59162,  10.02,  15.26, 0
0,  59418,  10.63,  45.48, 0
0,  59701,  10.28,  13.05, 0
0,  59984,  10.21,  14.69, 0
0,  60266,  10.26,  28.31, 0
0,  60548,  10.74,  57.68, 0
0,  60831,   9.10,  54.52, 0
0,  61113,   9.61,  43.94, 0
0,  61395,  10.07,  22.14, 0
0,  61678,   9.93,  40.87, 0
0,  61960,  10.52,  35.32, 0
0,  62242,  10.53,  11.65, 0
0,  62525,  10.51,   8.20, 0
0,  62807,  10.01,  11.33, 0
0,  63089,  10.08,   2.55, 0
0,  63371,  10.25,  16.07, 0
0,  63653,   9.98,  20.38, 0
0,  63935,  10.33,  27.89, 0
0,  64217,  10.23,   5.54, 0
0,  64499,  10.01,  10.76, 0
0,  64781,  10.26,   5.10, 0
0,  65063,  10.09,  11.04, 0
0,  65345,  10.28,  26.96, 0
0,  65628,  10.33,  19.94, 0
0,  65910,  10.00,   6.85, 0
0,  66192,  10.33,   3.04, 0
0,  66474,  10.33,   5.21, 0
0,  66756,  10.12,   9.91, 0
0,  67038,  10.27,  23.78, 0
0,  67320,  10.38,  58.30, 0
0,  67602,  10.07,  10.70, 0
0,  67884,  10.37,  21.69, 0
0,  68167,  10.12,  23.15, 0
0,  68449,  10.18,  21.74, 0
0,  68732,  10.74,  44.59, 0
0,  69014,  10.62,  30.04, 0
0,  69296,  10.16,   7.83, 0
0,  69578,  10.39,   5.08, 0
0,  69860,  10.30,   3.29, 0
0,  70142,  10.22,   2.42, 0
0,  70424,  10.57,   1.52, 0
0,  70706,  10.43,   3.10, 0
0,  70988,  10.68,   6.29, 0
0,  71270,  10.27,   1.68, 0
0,  71552,  10.26,   1.16, 0
0,  71834,  10.27,   1.66, 0
0,  72116,  10.31,   1.78, 0
0,  72398,  10.29,   1.77, 0
0,  72680,  10.19,   1.56, 0
0,  72962,  10.30,   1.79, 0
0,  73244,  10.31,   1.82, 0
0,  73526,  10.27,   1.85, 0
0,  73808,  10.29,   1.84, 0
0,  74090,  10.29,   1.80, 0
0,  74372,  10.31,   1.82, 0
0,  74654,  10.31,   1.79, 0
0,  74936,  10.30,   1.75, 0
0,  75218,  10.30,   1.80, 0
0,  75500,  10.30,   1.84, 0
0,  75782,  10.31,   1.82, 0
0,  76064,  10.30,   1.84, 0
0,  76346,  10.31,   1.81, 0
0,  76628,  10.30,   1.82, 0
0,  76910,  10.30,   1.81, 0
0,  77192,  10.30,   1.80, 0
0,  77474,  10.32,   1.82, 0
0,  77756,  10.31,   1.80, 0
0,  78038,  10.31,   1.82, 0
0,  78320,  10.30,   1.82, 0
0,  78602,  10.30,   1.80, 0
0,  78884,  10.31,   1.84, 0
0,  79166,  10.23,   1.42, 0
0,  79448,  10.32,   1.74, 0
0,  79730,  10.31,   1.78, 0
0,  80012,  10.29,   1.79, 0
0,  80294,  10.30,   1.86, 0
0,  80576,  10.32,   1.86, 0
0,  80858,  10.30,   1.83, 0
0,  81140,  10.30,   1.82, 0
0,  81422,  10.30,   1.78, 0
0,  81704,  10.30,   1.76, 0
0,  81986,  10.30,   1.81, 0
0,  82268,  10.30,   1.80, 0
0,  82550,  10.30,   1.77, 0
0,  82832,  10.29,   1.81, 0
0,  83114,  10.30,   1.81, 0
0,  83396,  10.31,   1.80, 0
0,  83678,  10.29,   1.82, 0
0,  83960,  10.30,   1.79, 0
0,  84242,  10.29,   1.86, 0
0,  84524,  10.30,   1.85, 0
0,  84806,  10.30,   1.82, 0
0,  85088,  10.29,   1.75, 0
0,  85370,  10.30,   1.82, 0
0,  85652,  10.30,   1.82, 0
0,  85934,  10.30,   1.80, 0
0,  86216,  10.30,   1.78, 0
0,  86498,  10.30,   1.82, 0
0,  86780,  10.31,   1.79, 0
0,  87062,  10.30,   1.82, 0
0,  87344,  10.31,   1.84, 0
0,  87626,  10.30,   1.81, 0
0,  87908,  10.31,   1.79, 0
0,  88190,  10.30,   1.82, 0
0,  88472,  10.30,   1.80, 0
0,  88754,  10.29,   1.80, 0
0,  89036,  10.30,   1.80, 0
0,  89318,  10.29,   1.79, 0
0,  89600,  10.30,   1.80, 0
0,  89882,  10.31,   1.81, 0
0,  90164,  10.31,   1.78, 0
0,  90446,  10.30,   1.82, 0
0,  90728,  10.30,   1.82, 0
0,  91010,  10.31,   1.79, 0
0,  91292,  10.30,   1.80, 0
0,  91574,  10.29,   1.75, 0
0,  91856,  10.31,   1.71, 0
0,  92138,  10.29,   1.82, 0
0,  92420,   9.88,   1.09, 0
0,  92702,  10.08,   1.63, 0
0,  92984,  10.27,   1.85, 0
0,  93266,  10.34,   1.85, 0
0,  93548,  10.34,   1.66, 0
0,  93830,  10.32,   1.51, 0
0,  94112,  10.32,   1.76, 0
0,  94394,  10.28,   1.58, 0
0,  94676,  10.29,   1.57, 0
0,  94958,  10.21,   1.86, 0
0,  95240,  10.26,   1.86, 0
0,  95522,  10.28,   1.81, 0
0,  95804,  10.32,   1.81, 0
0,  96086,  10.32,   1.85, 0
0,  96368,  10.28,   1.80, 0
0,  96650,  10.28,   1.82, 0
0,  96932,  10.30,   1.81, 0
0,  97214,  10.32,   1.82, 0
0,  97496,  10.30,   1.78, 0
0,  97778,  10.30,   1.81, 0
0,  98060,  10.31,   1.81, 0
0,  98342,  10.30,   1.79, 0
0,  98624,  10.30,   1.81, 0
0,  98906,  10.44,   1.77, 0
0,  99188,  10.31,   1.75, 0
0,  99470,  10.26,   1.83, 0
0,  99752,  10.27,   1.79, 0
0, 100034,  10.33,   1.78, 0
0, 100316,  10.34,   1.79, 0
0, 100598,  10.25,   1.78, 0
0, 100880,  10.26,   1.83, 0
0, 101162,  10.32,   1.78, 0
0, 101444,  10.41,   2.11, 0
0, 101726,  10.39,   2.13, 0
0, 102008,  10.30,   2.06, 0
0, 102290,   9.97,   1.70, 0
0, 102572,  10.50,   2.07, 0
0, 102854,  10.42,   1.62, 0
0, 103136,  10.10,   1.89, 0
0, 103418,  10.20,   1.86, 0
0, 103700,  10.39,   1.82, 0
0, 103982,  10.38,   1.80, 0
0, 104264,  10.22,   1.81, 0
0, 104546,  10.22,   1.80, 0
0, 104828,  10.37,   1.73, 0
0, 105110,  10.39,   1.72, 0
0, 105392,  10.28,   1.88, 0
0, 105674,  10.20,   1.83, 0
0, 105956,  10.25,   1.86, 0
0, 106238,  10.36,   1.78, 0
0, 106520,  10.29,   1.86, 0
0, 106802,  10.27,   1.83, 0
0, 107084,  10.27,   1.80, 0
0, 107366,  10.32,   1.80, 0
0, 107648,  10.34,   1.77, 0
0, 107930,  10.27,   1.80, 0
0, 108212,  10.28,   1.84, 0
0, 108494,  10.30,   1.78, 0
0, 108776,  10.29,   1.81, 0
0, 109058,  10.27,   1.81, 0
0, 109340,  10.30,   1.82, 0
0, 109622,  10.30,   1.78, 0
0, 109904,  10.31,   1.79, 0
0, 110186,  10.29,   1.79, 0
0, 110468,  10.28,   1.82, 0
0, 110750,  10.31,   1.80, 0
0, 111032,  10.31,   1.76, 0
0, 111314,  10.30,   1.80, 0
0, 111596,  10.29,   1.78, 0
0, 111878,  10.29,   1.78, 0
0, 112160,  10.30,   1.78, 0
0, 112442,  10.31,   1.80, 0
0, 112724,  10.30,   1.79, 0
0, 113006,  10.30,   1.79, 0
0, 113288,  10.30,   1.80, 0
0, 113570,  10.30,   1.80, 0
0, 113852,  10.31,   1.80, 0
0, 114134,  10.30,   1.79, 0
0, 114416,  10.29,   1.78, 0
0, 114698,  10.31,   1.81, 0
0, 114980,  10.30,   1.78, 0
0, 115262,  10.30,   1.81, 0
0, 115544,  10.30,   1.79, 0
0, 115826,  10.30,   1.81, 0
0, 116108,  10.30,   1.80, 0
0, 116390,  10.30,   1.83, 0
0, 116672,  10.30,   1.80, 0
0, 116954,  10.30,   1.81, 0
0, 117236,  10.30,   1.78, 0
0, 117518,  10.30,   1.82, 0
0, 117800,  10.29,   1.79, 0
0, 118082,  10.29,   1.80, 0
0, 118364,  10.29,   1.82, 0
0, 118646,  10.29,   1.79, 0
0, 118928,  10.30,   1.79, 0
0, 119210,  10.30,   1.79, 0
0, 119492,  10.30,   1.78, 0
0, 119774,  10.30,   1.77, 0
0, 120056,  10.30,   1.81, 0
0, 120338,  10.30,   1.80, 0
0, 120620,  10.31,   1.80, 0
0, 120902,  10.31,   1.79, 0
0, 121184,  10.31,   1.79, 0
0, 121466,  10.30,   1.77, 0
0, 121748,  10.30,   1.79, 0
0, 122030,  10.30,   1.79, 0
0, 122312,  10.30,   1.82, 0
0, 122594,  10.30,   1.81, 0
0, 122876,  10.30,   1.80, 0
0, 123158,  10.30,   1.80, 0
0, 123440,  10.30,   1.82, 0
0, 123722,  10.30,   1.81, 0
0, 124004,  10.30,   1.82, 0
0, 124286,  10.30,   1.80, 0
0, 124568,  10.30,   1.80, 0
0, 124850,  10.30,   1.81, 0
0, 125132,  10.30,   1.80, 0
0, 125414,  10.30,   1.78, 0
0, 125696,  10.30,   1.81, 0
0, 125978,  10.30,   1.81, 0
0, 126260,  10.30,   1.77, 0
0, 126542,  10.30,   1.78, 0
0, 126824,  10.30,   1.80, 0
0, 127106,  10.30,   1.80, 0
0, 127388,  10.30,   1.77, 0
0, 127670,  10.29,   1.79, 0
0, 127952,  10.30,   1.78, 0
0, 128234,  10.31,   1.78, 0
0, 128516,  10.30,   1.79, 0
0, 128798,  10.29,   1.81, 0
0, 129080,  10.30,   1.83, 0
0, 129362,  10.30,   1.86, 0
0, 129644,  10.33,   1.83, 0
0, 129926,  10.34,   1.68, 0
0, 130208,  10.33,   1.68, 0
0, 130490,  10.36,   1.62, 0
0, 130772,  10.34,   1.65, 0
0, 131054,  10.32,   1.73, 0
0, 131336,  10.31,   1.84, 0
0, 131618,  10.29,   1.73, 0
0, 131900,  10.30,   1.84, 0
0, 132182,  10.28,   1.79, 0
0, 132464,  10.30,   1.76, 0
0, 132746,  10.30,   1.79, 0
0, 133028,  10.29,   1.81, 0
0, 133310,  10.30,   1.78, 0
0, 133592,  10.30,   1.79, 0
0, 133874,  10.30,   1.81, 0
0, 134156,  10.30,   1.78, 0
0, 134438,  10.31,   1.76, 0
0, 134720,  10.30,   1.81, 0
0, 135002,  10.30,   1.81, 0
0, 135284,  10.30,   1.79, 0
0, 135566,  10.30,   1.81, 0
0, 135848,  10.30,   1.80, 0
0, 136130,  10.30,   1.79, 0
0, 136412,  10.30,   1.79, 0
0, 136694,  10.30,   1.81, 0
0, 136976,  10.30,   1.79, 0
0, 137258,  10.30,   1.80, 0
0, 137540,  10.30,   1.79, 0
0, 137822,  10.30,   1.80, 0
0, 138104,  10.30,   1.80, 0
0, 138386,  10.30,   1.82, 0
0, 138668,  10.29,   1.78, 0
0, 138950,  10.29,   1.81, 0
0, 139232,  10.30,   1.82, 0
0, 139514,  10.30,   1.79, 0
0, 139796,  10.30,   1.79, 0
0, 140078,  10.30,   1.78, 0
0, 140360,  10.30,   1.76, 0
0, 140642,  10.30,   1.78, 0
0, 140924,  10.30,   1.80, 0
0, 141206,  10.30,   1.79, 0
0, 141488,  10.31,   1.81, 0
0, 141770,  10.31,   1.79, 0
0, 142052,  10.29,   1.76, 0
0, 142334,  10.30,   1.78, 0
0, 142616,  10.29,   1.79, 0
0, 142898,  10.30,   1.78, 0
0, 143180,  10.30,   1.78, 0
0, 143462,  10.30,   1.82, 0
0, 143744,  10.30,   1.78, 0
0, 144026,  10.28,   1.82, 0
0, 144308,  10.29,   1.82, 0
0, 144590,  10.29,   1.78, 0
0, 144872,  10.30,   1.81, 0
0, 145154,  10.33,   1.83, 0
0, 145436,  10.32,   1.83, 0
0, 145718,  10.38,   1.77, 0
0, 146000,  10.21,   1.67, 0
0, 146282,  10.28,   1.81, 0
0, 146564,  10.28,   1.83, 0
0, 146846,  10.34,   1.81, 0
0, 147128,  10.23,   1.77, 0
0, 147410,  10.31,   1.87, 0
0, 147692,  10.28,   1.77, 0
0, 147974,  10.66,   2.41, 0
0, 148256,  10.28,   1.77, 0
0, 148538,  10.37,   1.71, 0
0, 148820,  10.37,   1.74, 0
0, 149102,  10.30,   1.68, 0
0, 149384,  10.30,   1.76, 0
0, 149666,  10.29,   1.82, 0
0, 149948,  10.33,   1.79, 0
0, 150230,  10.30,   1.74, 0
0, 150512,  10.29,   1.82, 0
0, 150794,  10.28,   1.77, 0
0, 151076,  10.29,   1.78, 0
0, 151358,  10.31,   1.79, 0
0, 151640,  10.30,   1.78, 0
0, 151922,  10.29,   1.80, 0
0, 152204,  10.31,   1.79, 0
0, 152486,  10.29,   1.80, 0
0, 152768,  10.29,   1.78, 0
0, 153050,  10.30,   1.82, 0
0, 153332,  10.30,   1.79, 0
0, 153614,  10.29,   1.80, 0
0, 153896,  10.30,   1.81, 0
0, 154178,  10.29,   1.78, 0
0, 154460,  10.30,   1.82, 0
0, 154742,  10.31,   1.78, 0
0, 155024,  10.30,   1.80, 0
0, 155306,  10.30,   1.80, 0
0, 155588,  10.30,   1.80, 0
0, 155870,  10.30,   1.79, 0
0, 156152,  10.30,   1.79, 0
0, 156434,  10.30,   1.80, 0
0, 156716,  10.30,   1.81, 0
0, 156998,  10.30,   1.79, 0
0, 157280,  10.29,   1.82, 0
0, 157562,  10.29,   1.80, 0
0, 157844,  10.29,   1.81, 0
0, 158126,  10.29,   1.79, 0
0, 158408,  10.29,   1.81, 0
0, 158690,  10.29,   1.79, 0
0, 158972,  10.30,   1.81, 0
0, 159254,  10.30,   1.79, 0
0, 159536,  10.30,   1.79, 0
0, 159818,  10.30,   1.78, 0
0, 160100,  10.30,   1.80, 0
0, 160382,  10.30,   1.80, 0
0, 160664,  10.30,   1.79, 0
0, 160946,  10.29,   1.79, 0
0, 161228,  10.29,   1.80, 0
0, 161510,  10.29,   1.81, 0
0, 161792,  10.30,   1.80, 0
0, 162074,  10.29,   1.81, 0
0, 162356,  10.30,   1.81, 0
0, 162638,  10.30,   1.79, 0
0, 162920,  10.29,   1.80, 0
0, 163202,  10.28,   1.84, 0
0, 163484,  10.30,   1.78, 0
0, 163766,  10.29,   1.77, 0
0, 164048,  10.31,   1.82, 0
0, 164330,  10.29,   1.76, 0
0, 164612,  10.29,   1.81, 0
0, 164894,  10.30,   1.77, 0
0, 165176,  10.29,   1.79, 0
0, 165458,  10.30,   1.80, 0
0, 165740,  10.30,   1.80, 0
0, 166022,  10.30,   1.78, 0
0, 166304,  10.31,   1.79, 0
0, 166586,  10.30,   1.81, 0
0, 166868,  10.31,   1.80, 0
0, 167150,  10.30,   1.79, 0
0, 167432,  10.30,   1.81, 0
0, 167714,  10.30,   1.79, 0
0, 167996,  10.30,   1.79, 0
0, 168278,  10.30,   1.81, 0
0, 168560,  10.30,   1.80, 0
0, 168842,  10.31,   1.80, 0
0, 169124,  10.30,   1.80, 0
0, 169406,  10.31,   1.81, 0
0, 169688,  10.30,   1.78, 0
0, 169970,  10.29,   1.79, 0
0, 170252,  10.30,   1.80, 0
0, 170534,  10.30,   1.82, 0
0, 170816,  10.31,   1.82, 0
0, 171098,  10.30,   1.78, 0
0, 171380,  10.30,   1.80, 0
0, 171662,  10.30,   1.80, 0
0, 171944,  10.30,   1.79, 0
0, 172226,  10.29,   1.79, 0
0, 172508,  10.30,   1.81, 0
0, 172790,  10.30,   1.82, 0
0, 173072,  10.30,   1.82, 0
0, 173354,  10.29,   1.82, 0
0, 173636,  10.30,   1.78, 0
0, 173918,  10.30,   1.81, 0
0, 174200,  10.31,   1.80, 0
0, 174482,  10.30,   1.79, 0
0, 174764,  10.29,   1.80, 0
0, 175046,  10.30,   1.80, 0
0, 175328,  10.32,   1.78, 0
0, 175610,  10.29,   1.79, 0
0, 175892,  10.29,   1.80, 0
0, 176174,  10.29,   1.77, 0
0, 176456,  10.31,   1.78, 0
0, 176738,  10.32,   1.76, 0
0, 177020,  10.30,   1.78, 0
0, 177302,  10.32,   1.74, 0
0, 177584,  10.34,   1.73, 0
0, 177866,  10.28,   1.82, 0
0, 178148,  10.27,   1.74, 0
0, 178430,   9.96,   2.79, 0
0, 178712,  10.35,   1.82, 0
0, 178994,  10.19,   1.81, 0
0, 179276,  10.27,   1.86, 0
0, 179558,  10.29,   1.89, 0
0, 179840,  10.27,   1.80, 0
0, 180122,  10.29,   1.79, 0
0, 180404,  10.31,   1.83, 0
0, 180686,  10.30,   1.80, 0
0, 180968,  10.28,   1.81, 0
0, 181250,  10.31,   1.80, 0
0, 181532,  10.30,   1.81, 0
0, 181814,  10.30,   1.81, 0
0, 182096,  10.31,   1.79, 0
0, 182378,  10.32,   1.81, 0
0, 182660,  10.36,   1.86, 0
0, 182942,  10.48,   2.37, 0
0, 183224,  10.22,   1.51, 0
0, 183506,  10.33,  17.56, 0
0, 183788,  10.25,   1.79, 0
0, 184070,  10.24,   1.72, 0
0, 184352,  10.31,   1.74, 0
0, 184634,  10.29,   1.75, 0
0, 184916,  10.28,   1.80, 0
0, 185198,  10.30,   1.79, 0
0, 185480,  10.31,   1.79, 0
0, 185762,  10.30,   1.79, 0
0, 186044,  10.30,   1.80, 0
0, 186326,  10.29,   1.77, 0
0, 186608,  10.31,   1.79, 0
0, 186890,  10.30,   1.78, 0
0, 187172,  10.29,   1.79, 0
0, 187454,  10.30,   1.79, 0
0, 187736,  10.31,   1.79, 0
0, 188018,  10.29,   1.78, 0
0, 188300,  10.29,   1.79, 0
0, 188582,  10.30,   1.79, 0
0, 188864,  10.30,   1.78, 0
0, 189146,  10.29,   1.81, 0
0, 189428,  10.30,   1.81, 0
0, 189710,  10.30,   1.78, 0
0, 189992,  10.30,   1.80, 0
0, 190274,  10.30,   1.78, 0
0, 190556,  10.30,   1.81, 0
0, 190838,  10.30,   1.81, 0
0, 191120,  10.31,   1.81, 0
0, 191402,  10.29,   1.78, 0
0, 191684,  10.29,   1.80, 0
0, 191966,  10.29,   1.77, 0
0, 192248,  10.29,   1.80, 0
0, 192530,  10.29,   1.82, 0
0, 192812,  10.29,   1.81, 0
0, 193094,  10.29,   1.78, 0
0, 193376,  10.29,   1.79, 0
0, 193658,  10.29,   1.78, 0
0, 193940,  10.29,   1.80, 0
0, 194222,  10.29,   1.80, 0
0, 194504,  10.30,   1.78, 0
0, 194786,  10.30,   1.79, 0
0, 195068,  10.30,   1.80, 0
0, 195350,  10.30,   1.80, 0
0, 195632,  10.28,   1.81, 0
0, 195914,  10.29,   1.66, 0
0, 196196,  10.32,   1.69, 0
0, 196478,  10.29,   1.80, 0
0, 196760,  10.28,   1.81, 0
0, 197042,  10.28,   1.72, 0
0, 197324,  10.31,   2.08, 0
0, 197606,  10.30,   1.86, 0
0, 197888,  10.29,   1.74, 0
0, 198170,  10.29,   1.66, 0
0, 198452,  10.34,   1.53, 0
0, 198734,  10.27,   1.75, 0
0, 199016,  10.29,   1.78, 0
0, 199298,  10.30,   1.77, 0
0, 199580,  10.12,   1.96, 0
0, 199862,  10.31,   1.70, 0
0, 200144,  10.26,   1.77, 0
0, 200426,  10.37,   4.14, 0
0, 200708,  10.41,   2.53, 0
0, 200990,  12.61,  57.83, 0
0, 201272,   7.52,  98.84, 0
0, 201554,  10.12,  24.23, 0
0, 201836,  10.07,  18.09, 0
0, 202118,   9.63,  41.90, 0
0, 202400,  10.51,  32.85, 0
0, 202683,   9.86,  58.09, 0
0, 202965,  10.49,  25.41, 0
0, 203247,  10.41,  15.35, 0
0, 203529,  10.68,  16.22, 0
0, 203811,   9.93,  18.01, 0
0, 204093,  10.48,  15.04, 0
0, 204375,   9.80,  15.78, 0
0, 204657,  10.59,  10.91, 0
0, 204939,  10.32,  11.17, 0
0, 205221,   9.72,  26.63, 0
0, 205503,  11.43,  14.30, 0
0, 205785,  10.25,  95.37, 0
0, 206067,  10.52,  49.58, 0
0, 206349,   9.24, 124.34, 0
0, 206631,  11.08,  29.17, 0
0, 206914,  10.36,  14.83, 0
0, 207196,  10.41,  11.61, 0
0, 207478,  10.27,  20.20, 0
0, 207760,  10.32,  11.11, 0
0, 208042,  10.14,  27.73, 0
0, 208325,   9.92,  26.39, 0
0, 208607,  10.28,  11.78, 0
0, 208889,   9.97,  25.51, 0
0, 209171,  10.03,  58.70, 0
0, 209453,   9.92,   4.39, 0
0, 209735,  10.32,  85.75, 0
0, 210017,  10.33,  79.44, 0
0, 210300,  10.02,  39.36, 0
0, 210582,  10.23, 112.54, 0
0, 210865,   9.83,  24.78, 0
0, 211147,  10.58,  29.08, 0
0, 211429,  10.28,  14.96, 0
0, 211711,  10.22,  10.74, 0
0, 211993,  10.38,  19.08, 0
0, 212275,  10.56,  14.85, 0
0, 212558,   9.99,  10.24, 0
0, 212840,  10.33,   7.99, 0
0, 213122,  10.34,   8.13, 0
0, 213404,   9.88,   3.99, 0
0, 213686,  10.30,  16.66, 0
0, 213969,  10.02,  28.53, 0
0, 214251,   9.80,  30.73, 0
0, 214533,  10.24,  37.45, 0
0, 214815,  10.15,  17.37, 0
0, 215098,  10.00,   1.01, 0
0, 215380,  10.08,   9.07, 0
0, 215662,  10.26,   8.56, 0
0, 215944,  10.27,  14.44, 0
0, 216226,  10.21,   3.53, 0
0, 216508,  10.19,   4.14, 0
0, 216790,  10.26,  12.17, 0
0, 217072,  10.19,   4.76, 0
0, 217354,  10.24,   6.24, 0
0, 217636,  10.18,   7.97, 0
0, 217918,  10.16,  27.02, 0
0, 218200,  10.35,  25.67, 0
0, 218482,   9.99,  25.22, 0
0, 218764,  10.22,  23.18, 0
0, 219047,  10.24,   5.47, 0
0, 219329,  10.35,  18.72, 0
0, 219611,  10.30,  32.86, 0
0, 219894,  13.60, 141.65, 0
1, 220151,   6.24,  99.48, 0
2, 220406,   8.42,  85.11, 0
2, 220688,  15.94, 111.72, 0
2, 220970,   5.02,  94.29, 0
2, 221252,  16.27,  57.66, 0
2, 221534,  11.22,  14.98, 0
2, 221817,  10.27,  13.58, 0
2, 222100,  10.21,   8.49, 0
2, 222382,  10.18,   8.06, 0
2, 222664,  10.16,   8.07, 0
0, 222919,  10.20,   2.18, 0
0, 223201,  10.17,   6.54, 0
0, 223483,  10.17,  27.50, 0
0, 223765,  10.16,  10.66, 0
0, 224047,  10.10,   1.51, 0
0, 224329,  10.13,   5.82, 0
0, 224611,  10.06,   3.33, 0
0, 224893,  10.06,  17.90, 0
0, 225175,  10.20,   8.92, 0
0, 225457,  12.97, 196.71, 0
1, 225713,   9.35, 198.61, 0
1, 225995,   9.97,  30.68, 0
1, 226277,  10.25,  14.11, 0
1, 226559,  10.42,  13.10, 0
0, 226814,  10.36,   5.53, 0
0, 227096,  10.59,  13.19, 0
1, 227378,   5.36, 256.77, 0
1, 227634,  11.78, 130.70, 0
1, 227917,  10.51,  12.46, 0
1, 228199,  13.30, 220.57, 0
1, 228455,   3.93, 152.77, 0
1, 228711,  10.18,  67.34, 0
1, 228993,  10.24,  15.67, 0
1, 229276,   2.62, 393.78, 0
0, 229531,  11.30, 265.45, 0
0, 229814,  10.48,  27.28, 0
0, 230096,  10.10,   4.49, 0
0, 230378,  10.15,   7.75, 0
0, 230660,  11.65,  33.26, 0
1, 230916,   4.86, 154.32, 0
1, 231198,  11.38, 130.67, 0
1, 231480,  10.44,   7.81, 0
1, 231762,  10.18,   4.46, 0
0, 232017,  10.21,  30.08, 0
0, 232299,   9.98, 444.85, 0
1, 232555,   9.60, 400.62, 0
1, 232837,  10.00,  28.15, 0
1, 233119,  10.09,   8.19, 0
0, 233412,  10.16,   3.70, 0
0, 233694,  10.14,   9.67, 0
1, 233988,   3.41, 215.34, 0
1, 234270,  10.34,  39.13, 0
1, 234552,  10.77,  11.78, 0
1, 234834,   5.93,  64.85, 0
0, 235089,  12.96,  99.29, 0
0, 235371,  10.24,   7.10, 0
0, 235653,  10.36,   4.31, 0
0, 235935,  13.18,  81.91, 0
1, 236192,   4.80,  20.43, 0
1, 236474,  10.01,  83.32, 0
1, 236756,  10.21,   9.71, 0
1, 237038,  10.24,   6.99, 0
0, 237293,  10.17,   6.36, 0
0, 237575,  13.59, 303.10, 0
1, 237831,   4.26, 235.30, 0
1, 238113,   9.51,  42.42, 0
1, 238395,  10.08,  20.35, 0
1, 238677,  10.46,   2.43, 0
0, 238932,  10.39,   8.00, 0
0, 239214,  13.11, 239.27, 0
1, 239471,   3.78, 184.52, 0
1, 239753,   9.72,  45.01, 0
1, 240035,  12.50, 207.50, 0
1, 240318,  12.34, 250.45, 0
0, 240574,  10.04,  41.86, 0
0, 240856,  10.07,   4.53, 0
0, 241138,  14.66,  31.26, 0
1, 241394,   0.78,  45.58, 0
1, 241676,   8.08,   8.34, 0
1, 241958,  10.23,   3.74, 0
1, 242240,  10.31,   9.14, 0
0, 242495,  10.29,   3.71, 0
0, 242777,  10.28,   2.89, 0
0, 243059,  12.90,  49.97, 0
0, 243342,   9.43,  48.30, 0
0, 243624,   7.88,  54.73, 0
1, 243880,  10.54, 145.66, 0
1, 244162,  11.03,  28.74, 0
1, 244445,  10.29,   5.05, 0
0, 244727,  10.24,   2.27, 0
0, 244982,  10.30,   1.77, 0
0, 245264,  10.34,   2.35, 0
0, 245546,   7.65, 103.41, 0
1, 245802,  15.12,  66.57, 0
1, 246085,  10.06,  12.67, 0
1, 246367,  10.31,   7.66, 0
0, 246660,  10.27,   2.00, 0
0, 246942,  10.27,   1.98, 0
0, 247224,  10.28,   1.77, 0
0, 247506,  10.28,   1.13, 0
0, 247788,  10.27,   1.52, 0
0, 248070,  13.08,  22.73, 0
1, 248326,   1.33,  81.11, 0
2, 248581,  15.37,  18.68, 0
2, 248863,   2.12,  69.24, 0
2, 249145,   8.44,   6.93, 0
2, 249427,  10.24,   1.65, 0
2, 249709,  10.26,   5.81, 0
2, 249991,  10.29,   2.14, 0
2, 250273,  10.31,   7.63, 0
2, 250555,  10.28,   1.73, 0
2, 250837,  10.29,   1.19, 0
0, 251092,  15.52, 275.55, 0
1, 251349,  12.30, 463.00, 0
1, 251632,   9.96,  26.52, 0
1, 251914,  10.33,   9.38, 0
0, 252196,  10.25,   2.51, 0
0, 252451,  10.06,  43.07, 0
0, 252733,  10.09,  53.41, 0
0, 253015,   9.80,  30.02, 0
0, 253297,   9.33,  40.30, 0
0, 253579,  10.26,   2.75, 0
0, 253861,  10.30,   1.53, 0
0, 254143,  10.31,   1.80, 0
0, 254425,  10.30,   1.81, 0
0, 254707,  10.30,   1.81, 0
0, 254989,  10.31,   1.82, 0
0, 255271,  10.31,   1.83, 0
0, 255553,  10.29,   1.80, 0
0, 255835,  10.30,   1.84, 0
0, 256117,  10.31,   1.82, 0
0, 256399,  10.30,   1.81, 0
0, 256681,  10.29,   1.79, 0
0, 256963,  10.29,   1.80, 0
0, 257245,  10.29,   1.81, 0
0, 257527,  10.29,   1.81, 0
0, 257809,  10.30,   1.80, 0
0, 258091,  10.30,   1.81, 0
0, 258373,  10.30,   1.81, 0
0, 258655,  10.29,   1.81, 0
0, 258937,  10.29,   1.79, 0
0, 259219,  10.30,   1.81, 0
0, 259501,  10.29,   1.83, 0
0, 259783,  10.28,   1.88, 0
0, 260065,  10.28,   1.70, 0
0, 260347,  10.31,   1.78, 0
0, 260629,  10.30,   1.80, 0
0, 260911,  10.03,   1.46, 0
0, 261193,  10.30,   1.86, 0
0, 261475,  10.32,   1.88, 0
0, 261757,  10.24,   1.77, 0
0, 262039,  10.24,   1.59, 0
0, 262321,  10.28,   1.81, 0
0, 262603,  10.38,   3.12, 0
0, 262885,  10.29,   1.39, 0
0, 263169,  10.30,   6.02, 0
0, 263456,  10.35,   6.68, 0
0, 263738,  10.28,   2.55, 0
0, 264020,  10.30,   1.76, 0
0, 264302,  10.27,   1.96, 0
0, 264584,  10.35,   1.71, 0
0, 264868,  10.27,   1.76, 0
0, 265155,  10.29,   2.07, 0
0, 265437,  10.21,  43.00, 0
0, 265719,  10.34,   3.35, 0
0, 266001,  10.30,   1.89, 0
0, 266283,  10.38,   1.85, 0
0, 266565,  10.23,  30.13, 0
0, 266847,  10.17,  52.91, 0
0, 267129,  10.31,  11.64, 0
0, 267411,  10.29,   2.34, 0
0, 267693,  10.16,   8.52, 0
0, 267975,  10.06,   7.40, 0
0, 268257,  10.14,  10.14, 0
0, 268539,  10.49,   5.10, 0
0, 268821,  10.26,  13.41, 0
0, 269103,  10.58,  27.57, 0
0, 269385,  10.35,  20.56, 0
0, 269667,  10.26,   4.83, 0
0, 269949,  10.17,   1.35, 0
0, 270231,  10.38,   1.82, 0
0, 270513,  10.20,   1.74, 0
0, 270795,  10.39,   2.01, 0
0, 271077,  10.36,   1.87, 0
0, 271359,  10.30,   1.81, 0
0, 271641,  10.28,   1.76, 0
0, 271923,  10.30,   1.76, 0
0, 272205,  10.30,   1.73, 0
0, 272487,  10.33,   1.79, 0
0, 272769,  10.33,   1.69, 0
0, 273051,  10.30,   1.76, 0
0, 273333,  10.30,   1.78, 0
0, 273615,  10.31,   1.78, 0
0, 273897,  10.31,   1.80, 0
0, 274179,  10.31,   1.77, 0
0, 274461,  10.30,   1.78, 0
0, 274743,  10.30,   1.76, 0
0, 275025,  10.29,   1.78, 0
0, 275307,  10.30,   1.77, 0
0, 275589,  10.31,   1.79, 0
0, 275871,  10.30,   1.79, 0
0, 276153,  10.31,   1.79, 0
0, 276435,  10.30,   1.79, 0
0, 276717,  10.29,   1.78, 0
0, 276999,  10.31,   1.77, 0
0, 277281,  10.31,   1.79, 0
0, 277563,  10.29,   1.77, 0
0, 277845,  10.30,   1.77, 0
0, 278127,  10.31,   1.77, 0
0, 278409,  10.28,   1.77, 0
0, 278691,  10.30,   1.80, 0
0, 278973,  10.32,   1.80, 0
0, 279255,  10.31,   1.78, 0
0, 279537,  10.31,   1.75, 0
0, 279819,  10.30,   1.78, 0
0, 280101,  10.30,   1.76, 0
0, 280383,  10.29,   1.79, 0
0, 280665,  10.31,   1.79, 0
0, 280947,  10.30,   1.76, 0
0, 281229,  10.29,   1.77, 0
0, 281511,  10.29,   1.80, 0
0, 281793,  10.34,   1.82, 0
0, 282075,  10.30,   1.78, 0
0, 282357,  10.30,   1.77, 0
0, 282639,  10.30,   1.72, 0
0, 282921,  10.30,   1.77, 0
0, 283203,  10.31,   1.75, 0
0, 283485,  10.32,   1.74, 0
0, 283767,  10.29,   1.80, 0
0, 284049,  10.31,   1.75, 0
0, 284331,  10.30,   1.76, 0
0, 284613,  10.30,   1.78, 0
0, 284895,  10.32,   1.78, 0
0, 285177,  10.32,   1.77, 0
0, 285459,  10.31,   1.77, 0
0, 285741,  10.28,   1.80, 0
0, 286023,  10.30,   1.78, 0
0, 286305,  10.29,   1.78, 0
0, 286587,  10.29,   1.80, 0
0, 286869,  10.29,   1.78, 0
0, 287151,  10.29,   1.79, 0
0, 287433,  10.30,   1.78, 0
0, 287715,  10.30,   1.78, 0
0, 287997,  10.30,   1.75, 0
0, 288279,  10.30,   1.80, 0
0, 288561,  10.30,   1.76, 0
0, 288843,  10.32,   1.77, 0
0, 289125,  10.21,   1.41, 0
0, 289407,  10.27,   1.72, 0
0, 289689,  10.28,   1.75, 0
0, 289971,  10.36,   4.96, 0
0, 290255,  10.29,   2.42, 0
0, 290537,  10.29,   2.77, 0
0, 290819,  10.28,   1.73, 0
0, 291106,  10.24,   2.96, 0
0, 291388,  10.31,   1.99, 0
0, 291639,  10.32,   2.55, 0
0, 291921,  10.30,   1.80, 0
0, 292209,  10.26,   3.03, 0
0, 292491,  10.30,   1.73, 0
0, 292741,  10.29,   2.05, 0
0, 293023,  10.29,   1.80, 0
0, 293305,  10.30,   1.82, 0
0, 293555,  10.35,   3.51, 0
0, 293838,  10.28,   1.94, 0
0, 294120,  10.30,   1.81, 0
0, 294402,  10.33,   1.99, 0
0, 294684,  10.28,   1.80, 0
0, 294966,  10.29,   1.76, 0
0, 295248,  10.29,   1.80, 0
0, 295530,  10.31,   1.79, 0
0, 295812,  10.28,   1.78, 0
0, 296094,  10.30,   1.79, 0
0, 296376,  10.30,   1.80, 0
0, 296658,  10.32,   1.78, 0
0, 296940,  10.30,   1.74, 0
0, 297222,  10.30,   1.79, 0
0, 297504,  10.31,   1.80, 0
0, 297786,  10.32,   1.75, 0
0, 298068,  10.31,   1.80, 0
0, 298350,  10.30,   1.79, 0
0, 298632,  10.28,   1.76, 0
0, 298914,  10.28,   1.84, 0
0, 299196,  10.26,   1.76, 0
0, 299478,  10.30,   1.81, 0
0, 299760,  10.29,   1.76, 0
0, 300042,  10.29,   1.77, 0
0, 300324,  10.30,   1.75, 0
0, 300606,  10.31,   1.78, 0
0, 300888,  10.28,   1.79, 0
0, 301170,  10.29,   1.76, 0
0, 301452,  10.32,   1.75, 0
0, 301734,  10.26,   1.72, 0
0, 302016,  10.28,   1.75, 0
0, 302298,  10.28,   1.78, 0
0, 302580,  10.29,   1.74, 0
0, 302862,  10.30,   1.75, 0
0, 303144,  10.31,   1.83, 0
0, 303426,  10.30,   1.73, 0
0, 303708,  10.31,   1.70, 0
0, 303990,  10.31,   1.76, 0
0, 304272,  10.31,   1.76, 0
0, 304554,  10.32,   1.72, 0
0, 304836,  10.31,   1.81, 0
0, 305118,  10.29,   1.76, 0
0, 305400,  10.29,   1.76, 0
0, 305682,  10.29,   1.79, 0
0, 305964,  10.30,   1.79, 0
0, 306246,  10.30,   1.77, 0
0, 306528,  10.29,   1.75, 0
0, 306810,  10.29,   1.75, 0
0, 307092,  10.31,   1.75, 0
0, 307374,  10.30,   1.79, 0
0, 307656,  10.29,   1.78, 0
0, 307938,  10.28,   1.72, 0
0, 308220,  10.30,   1.79, 0
0, 308502,  10.30,   1.79, 0
0, 308784,  10.29,   1.75, 0
0, 309066,  10.27,   1.75, 0
0, 309348,  10.31,   1.78, 0
0, 309630,  10.30,   1.80, 0
0, 309912,  10.29,   1.77, 0
0, 310194,  10.30,   1.81, 0
0, 310476,  10.31,   1.77, 0
0, 310758,  10.30,   1.77, 0
0, 311040,  10.31,   1.77, 0
0, 311322,  10.30,   1.79, 0
0, 311604,  10.29,   1.79, 0
0, 311886,  10.29,   1.74, 0
0, 312168,  10.31,   1.78, 0
0, 312450,  10.30,   1.77, 0
0, 312732,  10.30,   1.79, 0
0, 313014,  10.30,   1.74, 0
0, 313296,  10.30,   1.77, 0
0, 313578,  10.30,   1.77, 0
0, 313860,  10.32,   1.79, 0
0, 314142,  10.31,   1.75, 0
0, 314424,  10.30,   1.75, 0
0, 314706,  10.30,   1.77, 0
0, 314988,  10.29,   1.78, 0
0, 315270,  10.30,   1.77, 0
0, 315552,  10.31,   1.78, 0
0, 315834,  10.30,   1.79, 0
0, 316116,  10.31,   1.81, 0
0, 316398,  10.31,   1.76, 0
0, 316680,  10.31,   1.77, 0
0, 316962,  10.30,   1.77, 0
0, 317244,  10.30,   1.77, 0
0, 317526,  10.30,   1.77, 0
0, 317808,  10.30,   1.79, 0
0, 318090,  10.30,   1.78, 0
0, 318372,  10.31,   1.76, 0
0, 318654,  10.31,   1.74, 0
0, 318936,  10.29,   1.76, 0
0, 319218,  10.31,   1.81, 0
0, 319500,  10.30,   1.78, 0
0, 319782,  10.31,   1.77, 0
0, 320064,  10.30,   1.76, 0
0, 320346,  10.29,   1.75, 0
0, 320628,  10.30,   1.79, 0
0, 320910,  10.29,   1.74, 0
0, 321192,  10.30,   1.74, 0
0, 321474,  10.31,   1.76, 0
0, 321756,  10.30,   1.73, 0
0, 322038,  10.28,   1.74, 0
0, 322320,  10.29,   1.79, 0
0, 322602,  10.29,   1.76, 0
0, 322884,  10.29,   1.76, 0
0, 323166,  10.30,   1.77, 0
0, 323448,  10.29,   1.77, 0
0, 323730,  10.28,   1.76, 0
0, 324012,  10.35,   1.63, 0
0, 324294,  10.28,   1.68, 0
0, 324576,  10.28,   1.75, 0
0, 324858,  10.30,   1.78, 0
0, 325140,  10.25,   1.79, 0
0, 325422,  10.27,   1.81, 0
0, 325704,  10.37,   2.34, 0
0, 325986,  10.36,   1.77, 0
0, 326268,  10.27,   1.78, 0
0, 326550,  10.31,   1.78, 0
0, 326832,  10.31,   1.76, 0
0, 327114,  10.32,   1.76, 0
0, 327396,  10.31,   1.80, 0
0, 327678,  10.30,   1.76, 0
0, 327960,  10.31,   1.79, 0
0, 328242,  10.30,   1.75, 0
0, 328524,  10.29,   1.79, 0
0, 328806,  10.30,   1.74, 0
0, 329088,  10.29,   1.79, 0
0, 329370,  10.29,   1.99, 0
0, 329652,  10.30,   1.97, 0
0, 329934,  10.29,   1.66, 0
0, 330216,  10.29,   1.64, 0
0, 330498,  10.34,   1.58, 0
0, 330780,  10.32,   1.78, 0
0, 331062,  10.29,   1.90, 0
0, 331344,  10.33,   1.77, 0
0, 331626,  10.29,   1.84, 0
0, 331908,  10.30,   1.72, 0
0, 332190,  10.27,   1.72, 0
0, 332472,  10.27,   1.82, 0
0, 332754,  10.30,   1.71, 0
0, 333036,  10.31,   1.78, 0
0, 333318,  10.31,   1.80, 0
0, 333600,  10.32,   1.78, 0
0, 333882,  10.28,   1.72, 0
0, 334164,  10.32,   1.85, 0
0, 334446,  10.28,   1.76, 0
0, 334728,  10.28,   1.77, 0
0, 335010,  10.30,   1.79, 0
0, 335292,  10.30,   1.76, 0
0, 335574,  10.30,   1.77, 0
0, 335856,  10.30,   1.74, 0
0, 336138,  10.30,   1.76, 0
0, 336420,  10.30,   1.77, 0
0, 336702,  10.28,   1.76, 0
0, 336984,  10.31,   1.77, 0
0, 337266,  10.30,   1.83, 0
0, 337548,  10.30,   1.79, 0
0, 337830,  10.31,   1.77, 0
0, 338112,  10.30,   1.77, 0
0, 338394,  10.29,   1.75, 0
0, 338676,  10.31,   1.71, 0
0, 338958,  10.28,   1.80, 0
0, 339240,  10.28,   1.78, 0
0, 339522,  10.30,   1.77, 0
0, 339804,  10.30,   1.76, 0
0, 340086,  10.28,   1.74, 0
0, 340368,  10.29,   1.78, 0
0, 340650,  10.33,   1.80, 0
0, 340932,  10.33,   1.81, 0
0, 341214,  10.27,   1.77, 0
0, 341496,  10.30,   1.78, 0
0, 341778,  10.31,   1.76, 0
0, 342060,  10.29,   1.77, 0
0, 342342,  10.31,   1.80, 0
0, 342624,  10.27,   1.77, 0
0, 342906,  10.30,   1.80, 0
0, 343188,  10.27,   1.71, 0
0, 343470,  10.30,   1.76, 0
0, 343752,  10.31,   1.80, 0
0, 344034,  10.31,   1.80, 0
0, 344316,  10.32,   1.79, 0
0, 344598,  10.30,   1.76, 0
0, 344880,  10.30,   1.75, 0
0, 345162,  10.31,   1.79, 0
0, 345444,  10.31,   1.77, 0
0, 345726,  10.30,   1.77, 0
0, 346008,  10.30,   1.80, 0
0, 346290,  10.30,   1.78, 0
0, 346572,  10.31,   1.79, 0
0, 346854,  10.29,   1.77, 0
0, 347136,  10.30,   1.79, 0
0, 347418,  10.31,   1.78, 0
0, 347700,  10.30,   1.79, 0
0, 347982,  10.32,   1.76, 0
0, 348264,  10.30,   1.76, 0
0, 348546,  10.32,   1.77, 0
0, 348828,  10.30,   1.76, 0
0, 349110,  10.31,   1.77, 0
0, 349392,  10.29,   1.77, 0
0, 349674,  10.30,   1.76, 0
0, 349956,  10.32,   1.78, 0
0, 350238,  10.31,   1.79, 0
0, 350520,  10.30,   1.78, 0
0, 350802,  10.29,   1.77, 0
0, 351084,  10.29,   1.74, 0
0, 351366,  10.31,   1.74, 0
0, 351648,  10.29,   1.79, 0
0, 351930,  10.30,   1.77, 0
0, 352212,  10.32,   1.80, 0
0, 352494,  10.30,   1.78, 0
0, 352776,  10.30,   1.74, 0
0, 353058,  10.30,   1.79, 0
0, 353340,  10.31,   1.76, 0
0, 353622,  10.30,   1.75, 0
0, 353904,  10.29,   1.76, 0
0, 354186,  10.31,   1.76, 0
0, 354468,  10.30,   1.78, 0
0, 354750,  10.28,   1.78, 0
0, 355032,  10.30,   1.77, 0
0, 355314,  10.30,   1.78, 0
0, 355596,  10.31,   1.77, 0
0, 355878,  10.30,   1.77, 0
0, 356160,  10.30,   1.77, 0
0, 356442,  10.31,   1.74, 0
0, 356724,  10.31,   1.79, 0
0, 357006,  10.31,   1.80, 0
0, 357288,  10.32,   1.76, 0
0, 357570,  10.31,   1.81, 0
0, 357852,  10.29,   1.76, 0
0, 358134,  10.31,   1.80, 0
0, 358416,  10.32,   1.77, 0
0, 358698,  10.30,   1.76, 0
0, 358980,  10.30,   1.78, 0
0, 359262,  10.33,   1.81, 0
0, 359544,  10.30,   1.79, 0
0, 359826,  10.31,   1.75, 0
0, 360108,  10.30,   1.77, 0
0, 360390,  10.30,   1.74, 0
0, 360672,  10.28,   1.83, 0
0, 360954,  10.30,   1.78, 0
0, 361236,  10.29,   1.75, 0
0, 361518,  10.29,   1.75, 0
0, 361800,  10.30,   1.78, 0
0, 362082,  10.30,   1.79, 0
0, 362364,  10.31,   1.81, 0
0, 362646,  10.30,   1.77, 0
0, 362928,  10.30,   1.77, 0
0, 363210,  10.30,   1.79, 0
0, 363492,  10.30,   1.82, 0
0, 363774,  10.30,   1.80, 0
0, 364056,  10.30,   1.74, 0
0, 364338,  10.29,   1.76, 0
0, 364620,  10.28,   1.75, 0
0, 364902,  10.30,   1.71, 0
0, 365184,  10.32,   1.75, 0
0, 365466,  10.29,   1.75, 0
0, 365748,  10.31,   1.78, 0
0, 366030,  10.29,   1.78, 0
0, 366312,  10.29,   1.76, 0
0, 366594,  10.30,   1.76, 0
0, 366876,  10.30,   1.74, 0
0, 367158,  10.30,   1.75, 0
0, 367440,  10.31,   1.78, 0
0, 367722,  10.30,   1.93, 0
0, 368004,  10.31,   1.79, 0
0, 368286,  10.30,   1.74, 0
0, 368568,  10.29,   1.73, 0
0, 368850,  10.30,   1.72, 0
0, 369132,  10.28,   1.77, 0
0, 369414,  10.31,   1.80, 0
0, 369696,  10.30,   1.74, 0
0, 369978,  10.30,   1.74, 0
0, 370260,  10.30,   1.77, 0
0, 370542,  10.31,   1.77, 0
0, 370824,  10.31,   1.79, 0
0, 371106,  10.31,   1.76, 0
0, 371388,  10.31,   1.79, 0
0, 371670,  10.30,   1.76, 0
0, 371952,  10.31,   1.76, 0
0, 372234,  10.30,   1.77, 0
0, 372516,  10.31,   1.79, 0
0, 372798,  10.31,   1.78, 0
0, 373080,  10.31,   1.79, 0
0, 373362,  10.29,   1.80, 0
0, 373644,  10.30,   1.80, 0
0, 373926,  10.31,   1.77, 0
0, 374208,  10.28,   1.75, 0
0, 374490,  10.30,   1.75, 0
0, 374772,  10.31,   1.73, 0
0, 375054,  10.30,   1.77, 0
0, 375336,  10.31,   1.79, 0
0, 375618,  10.35,   1.65, 0
0, 375900,  10.28,   1.64, 0
0, 376182,  10.29,   1.83, 0
0, 376464,  10.32,   1.76, 0
0, 376746,  10.29,   1.68, 0
0, 377028,  10.31,   1.77, 0
0, 377310,  10.22,   1.82, 0
0, 377592,  10.31,   1.81, 0
0, 377874,  10.31,   1.79, 0
0, 378156,  10.31,   1.79, 0
0, 378438,  10.30,   1.77, 0
0, 378720,  10.34,   1.73, 0
0, 379002,  10.28,   1.73, 0
0, 379284,  10.32,   1.82, 0
0, 379566,  10.30,   1.75, 0
0, 379848,  10.36,   1.87, 0
0, 380130,  10.32,   1.76, 0
0, 380412,  10.31,   1.85, 0
0, 380694,  10.33,   1.84, 0
0, 380976,  10.29,   1.72, 0
0, 381258,  10.31,   1.85, 0
0, 381540,  10.33,   1.78, 0
0, 381822,  10.28,   1.80, 0
0, 382104,  10.30,   1.82, 0
0, 382386,  10.29,   1.74, 0
0, 382668,  10.30,   1.82, 0
0, 382950,  10.27,   1.82, 0
0, 383232,  10.36,   1.77, 0
0, 383514,  10.24,   1.77, 0
0, 383796,  10.30,   1.82, 0
0, 384078,  10.32,   1.81, 0
0, 384360,  10.31,   1.79, 0
0, 384642,  10.30,   1.75, 0
0, 384924,  10.31,   1.80, 0
0, 385206,  10.30,   1.78, 0
0, 385488,  10.30,   1.80, 0
0, 385770,  10.29,   1.77, 0
0, 386052,  10.29,   1.74, 0
0, 386334,  10.32,   1.80, 0
0, 386616,  10.29,   1.77, 0
0, 386898,  10.29,   1.79, 0
0, 387180,  10.30,   1.79, 0
0, 387462,  10.30,   1.80, 0
0, 387744,  10.30,   1.76, 0
0, 388026,  10.30,   1.77, 0
0, 388308,  10.30,   1.79, 0
0, 388590,  10.29,   1.80, 0
0, 388872,  10.30,   1.78, 0
0, 389154,  10.30,   1.79, 0
0, 389436,  10.30,   1.79, 0
0, 389718,  10.31,   1.80, 0
0, 390000,  10.29,   1.80, 0
0, 390282,  10.31,   1.80, 0
0, 390564,  10.31,   1.77, 0
0, 390846,  10.30,   1.78, 0
0, 391128,  10.30,   1.79, 0
0, 391410,  10.30,   1.79, 0
0, 391692,  10.30,   1.78, 0
0, 391974,  10.30,   1.76, 0
0, 392256,  10.30,   1.75, 0
0, 392538,  10.30,   1.78, 0
0, 392820,  10.30,   1.76, 0
0, 393102,  10.28,   1.76, 0
0, 393384,  10.30,   1.82, 0
0, 393666,  10.31,   1.76, 0
0, 393948,  10.31,   1.77, 0
0, 394230,  10.31,   1.79, 0
0, 394512,  10.29,   1.77, 0
0, 394794,  10.31,   1.75, 0
0, 395076,  10.30,   1.77, 0
0, 395358,  10.31,   1.75, 0
0, 395640,  10.29,   1.75, 0
0, 395922,  10.30,   1.77, 0
0, 396204,  10.29,   1.88, 0
0, 396486,  10.31,   1.73, 0
0, 396768,  10.28,   1.72, 0
0, 397050,  10.31,   1.79, 0
0, 397332,  10.32,   1.74, 0
0, 397614,  10.29,   1.75, 0
0, 397896,  10.29,   1.71, 0
0, 398178,  10.30,   1.71, 0
0, 398460,  10.30,   1.73, 0
0, 398742,  10.30,   1.71, 0
0, 399024,  10.29,   1.79, 0
0, 399306,  10.29,   1.77, 0
0, 399588,  10.32,   1.80, 0
0, 399870,  10.31,   1.76, 0
0, 400152,  10.32,   1.80, 0
0, 400434,  10.32,   1.79, 0
0, 400716,  10.32,   1.73, 0
0, 400998,  10.30,   1.76, 0
0, 401280,  10.31,   1.71, 0
0, 401562,  10.27,   1.73, 0
0, 401844,  10.28,   1.80, 0
0, 402126,  10.26,   1.70, 0
0, 402408,  10.29,   1.79, 0
0, 402690,  10.31,   1.75, 0
0, 402972,  10.26,   1.90, 0
0, 403254,  10.29,   1.77, 0
0, 403536,  10.31,   1.66, 0
0, 403818,  10.31,   1.76, 0
0, 404100,  10.29,   1.77, 0
0, 404382,  10.30,   1.76, 0
0, 404664,  10.29,   1.77, 0
0, 404946,  10.28,   1.77, 0
0, 405228,  10.30,   1.77, 0
0, 405510,  10.30,   1.76, 0
0, 405792,  10.30,   1.75, 0
0, 406074,  10.31,   1.79, 0
0, 406356,  10.29,   1.77, 0
0, 406638,  10.29,   1.80, 0
0, 406920,  10.30,   1.75, 0
0, 407202,  10.30,   1.77, 0
0, 407484,  10.30,   1.76, 0
0, 407766,  10.30,   1.75, 0
0, 408048,  10.30,   1.74, 0
0, 408330,  10.30,   1.80, 0
0, 408612,  10.33,   1.82, 0
0, 408894,  10.30,   1.75, 0
0, 409176,  10.29,   1.69, 0
0, 409458,  10.30,   1.82, 0
0, 409740,  10.31,   1.78, 0
0, 410022,  10.31,   1.77, 0
0, 410304,  10.30,   1.81, 0
0, 410586,  10.30,   1.86, 0
0, 410868,  10.30,   1.78, 0
0, 411150,  10.30,   1.73, 0
0, 411432,  10.28,   1.77, 0
0, 411714,  10.31,   1.79, 0
0, 411996,  10.30,   1.74, 0
0, 412278,  10.30,   1.77, 0
0, 412560,  10.28,   1.78, 0
0, 412842,  10.29,   1.74, 0
0, 413124,  10.31,   1.79, 0
0, 413406,  10.30,   1.76, 0
0, 413688,  10.29,   1.77, 0
0, 413970,  10.29,   1.74, 0
0, 414252,  10.31,   1.74, 0
0, 414534,  10.30,   1.78, 0
0, 414816,  10.30,   1.78, 0
0, 415098,  10.30,   1.78, 0
0, 415380,  10.29,   1.83, 0
0, 415662,  10.29,   1.74, 0
0, 415944,  10.29,   1.76, 0
0, 416226,  10.28,   1.77, 0
0, 416508,  10.30,   1.75, 0
0, 416790,  10.30,   1.89, 0
0, 417072,  10.31,   1.67, 0
0, 417354,  10.31,   1.74, 0
0, 417636,  10.30,   1.77, 0
0, 417918,  10.30,   1.79, 0
0, 418200,  10.30,   1.76, 0
0, 418482,  10.28,   1.71, 0
0, 418764,  10.31,   1.79, 0
0, 419046,  10.31,   1.77, 0
0, 419328,  10.29,   1.77, 0
0, 419610,  10.30,   1.77, 0
0, 419892,  10.30,   1.76, 0
0, 420174,  10.30,   1.77, 0
0, 420456,  10.30,   1.77, 0
0, 420738,  10.30,   1.74, 0
0, 421020,  10.30,   1.76, 0
0, 421302,  10.27,   1.78, 0
0, 421584,  10.30,   1.67, 0
0, 421866,  10.30,   1.76, 0
0, 422148,  10.31,   1.80, 0
0, 422430,  10.31,   1.77, 0
0, 422712,  10.30,   1.77, 0
0, 422994,  10.30,   1.77, 0
0, 423276,  10.28,   1.76, 0
0, 423558,  10.30,   1.76, 0
0, 423840,  10.31,   1.78, 0
0, 424122,  10.28,   1.74, 0
0, 424404,  10.29,   1.75, 0
0, 424686,  10.30,   1.79, 0
0, 424968,  10.29,   1.80, 0
0, 425250,  10.44,   1.65, 0
0, 425532,  10.31,   1.78, 0
0, 425814,  10.07,   1.79, 0
0, 426096,  10.26,   1.81, 0
0, 426378,  10.30,   1.82, 0
0, 426660,  10.32,   1.78, 0
0, 426942,  10.30,   1.78, 0
0, 427224,  10.31,   1.80, 0
0, 427506,  10.29,   1.79, 0
0, 427788,  10.30,   1.77, 0
0, 428070,  10.30,   1.79, 0
0, 428352,  10.30,   1.78, 0
0, 428634,  10.31,   1.78, 0
0, 428916,  10.28,   1.82, 0
0, 429198,  10.30,   1.76, 0
0, 429480,  10.30,   1.78, 0
0, 429762,  10.31,   1.78, 0
0, 430044,  10.30,   1.79, 0
0, 430326,  10.29,   1.76, 0
0, 430608,  10.30,   1.79, 0
0, 430890,  10.30,   1.78, 0
0, 431172,  10.30,   1.79, 0
0, 431454,  10.30,   1.76, 0
0, 431736,  10.30,   1.74, 0
0, 432018,  10.29,   1.77, 0
0, 432300,  10.29,   1.79, 0
0, 432582,  10.31,   1.80, 0
0, 432864,  10.30,   1.76, 0
0, 433146,  10.30,   1.78, 0
0, 433428,  10.30,   1.76, 0
0, 433710,  10.30,   1.75, 0
0, 433992,  10.30,   1.76, 0
0, 434274,  10.30,   1.79, 0
0, 434556,  10.30,   1.75, 0
0, 434838,  10.30,   1.79, 0
0, 435120,  10.31,   1.80, 0
0, 435402,  10.31,   1.79, 0
0, 435684,  10.30,   1.78, 0
0, 435966,  10.30,   1.76, 0
0, 436248,  10.30,   1.78, 0
0, 436530,  10.32,   1.77, 0
0, 436812,  10.31,   1.80, 0
0, 437094,  10.30,   1.78, 0
0, 437376,  10.30,   1.75, 0
0, 437658,  10.30,   1.79, 0
0, 437940,  10.31,   1.73, 0
0, 438222,  10.30,   1.78, 0
0, 438504,  10.30,   1.78, 0
0, 438786,  10.30,   1.75, 0
0, 439068,  10.30,   1.76, 0
0, 439350,  10.30,   1.77, 0
0, 439632,  10.30,   1.75, 0
0, 439914,  10.29,   1.74, 0
0, 440196,  10.30,   1.77, 0
0, 440478,  10.29,   1.77, 0
0, 440760,  10.30,   1.76, 0
0, 441042,  10.29,   1.76, 0
0, 441324,  10.30,   1.76, 0
0, 441606,  10.30,   1.78, 0
0, 441888,  10.30,   1.75, 0
0, 442170,  10.33,   1.79, 0
0, 442452,  10.31,   1.79, 0
0, 442734,  10.30,   1.78, 0
0, 443016,  10.31,   1.76, 0
0, 443298,  10.30,   1.73, 0
0, 443580,  10.31,   1.81, 0
0, 443862,  10.31,   1.81, 0
0, 444144,  10.30,   1.77, 0
0, 444426,  10.32,   1.78, 0
0, 444708,  10.30,   1.73, 0
0, 444990,  10.30,   1.77, 0
0, 445272,  10.28,   1.77, 0
0, 445554,  10.30,   1.77, 0
0, 445836,  10.30,   1.77, 0
0, 446118,  10.30,   1.77, 0
0, 446400,  10.30,   1.79, 0
0, 446682,  10.29,   1.76, 0
0, 446964,  10.29,   1.76, 0
0, 447246,  10.30,   1.78, 0
0, 447528,  10.31,   1.81, 0
0, 447810,  10.31,   1.78, 0
0, 448092,  10.30,   1.82, 0
0, 448374,  10.30,   1.81, 0
0, 448656,  10.30,   1.77, 0
0, 448938,  10.29,   1.82, 0
0, 449220,  10.27,   1.78, 0
0, 449502,  10.30,   1.73, 0
0, 449784,  10.27,   1.75, 0
0, 450066,  10.30,   1.62, 0
0, 450348,  10.30,   1.81, 0
0, 450630,  10.29,   1.84, 0
0, 450912,  10.30,   1.84, 0
0, 451194,  10.30,   1.78, 0
0, 451476,  10.34,   1.94, 0
0, 451758,  10.30,   1.75, 0
0, 452040,  10.30,   1.80, 0
0, 452322,  10.29,   1.77, 0
0, 452604,  10.30,   1.78, 0
0, 452886,  10.29,   1.76, 0
0, 453168,  10.28,   1.77, 0
0, 453450,  10.30,   1.78, 0
0, 453732,  10.30,   1.77, 0
0, 454014,  10.29,   1.77, 0
0, 454296,  10.30,   1.79, 0
0, 454578,  10.30,   1.76, 0
0, 454860,  10.30,   1.78, 0
0, 455142,  10.31,   1.74, 0
0, 455424,  10.30,   1.80, 0
0, 455706,  10.29,   1.75, 0
0, 455988,  10.32,   1.82, 0
0, 456270,  10.28,   1.90, 0
0, 456552,  10.30,   1.87, 0
0, 456834,  10.30,   1.75, 0
0, 457116,  10.30,   1.82, 0
0, 457398,  10.29,   1.74, 0
0, 457680,  10.31,   1.82, 0
0, 457962,  10.30,   1.80, 0
0, 458244,  10.30,   1.80, 0
0, 458526,  10.30,   1.75, 0
0, 458808,  10.30,   1.78, 0
0, 459090,  10.29,   1.74, 0
0, 459372,  10.30,   1.76, 0
0, 459654,  10.30,   1.78, 0
0, 459936,  10.30,   1.78, 0
0, 460218,  10.30,   1.78, 0
0, 460500,  10.29,   1.80, 0
0, 460782,  10.32,   1.83, 0
0, 461064,  10.31,   1.69, 0
0, 461346,  10.30,   1.83, 0
0, 461628,  10.37,   1.81, 0
0, 461910,  10.31,   1.84, 0
0, 462192,  10.30,   1.74, 0
0, 462474,  10.30,   1.75, 0
0, 462756,  10.31,   1.76, 0
0, 463038,  10.30,   1.73, 0
0, 463320,  10.30,   1.76, 0
0, 463602,  10.32,   1.75, 0
0, 463884,  10.31,   1.75, 0
0, 464166,  10.31,   1.78, 0
0, 464448,  10.29,   1.75, 0
0, 464730,  10.26,   1.36, 0
0, 465012,  10.30,   1.70, 0
0, 465294,  10.38,   1.76, 0
0, 465576,  10.32,   1.82, 0
0, 465858,  10.29,   1.82, 0
0, 466140,  10.29,   1.78, 0
0, 466422,  10.29,   1.77, 0
0, 466704,  10.29,   1.74, 0
0, 466986,  10.29,   1.77, 0
0, 467268,  10.30,   1.82, 0
0, 467550,  10.30,   1.77, 0
0, 467832,  10.30,   1.79, 0
0, 468114,  10.30,   1.79, 0
0, 468396,  10.30,   1.78, 0
0, 468678,  10.31,   1.77, 0
0, 468960,  10.30,   1.75, 0
0, 469242,  10.30,   1.78, 0
0, 469524,  10.31,   1.76, 0
0, 469806,  10.32,   1.41, 0
0, 470088,  10.23,   1.82, 0
0, 470370,  10.32,   2.02, 0
0, 470652,  10.33,   1.91, 0
0, 470934,  10.31,   1.79, 0
0, 471216,  10.32,   1.78, 0
0, 471498,  10.31,   1.77, 0
0, 471780,  10.30,   1.76, 0
0, 472062,  10.30,   1.77, 0
0, 472344,  10.30,   1.77, 0
0, 472626,  10.30,   1.71, 0
0, 472908,  10.31,   1.73, 0
0, 473190,  10.31,   1.84, 0
0, 473472,  10.30,   1.81, 0
0, 473754,  10.30,   1.81, 0
0, 474036,  10.32,   1.72, 0
0, 474318,  10.28,   1.69, 0
0, 474600,  10.29,   1.76, 0
0, 474882,  10.30,   1.21, 0
0, 475164,  10.29,   1.72, 0
0, 475446,  10.34,   1.83, 0
0, 475728,  10.30,   1.84, 0
0, 476010,  10.32,   2.03, 0
0, 476292,  10.29,   1.84, 0
0, 476574,  10.30,   1.79, 0
0, 476856,  10.31,   1.79, 0
0, 477138,  10.33,   1.80, 0
0, 477420,  10.32,   1.82, 0
0, 477702,  10.29,   1.80, 0
0, 477984,  10.30,   1.69, 0
0, 478266,  10.27,   1.66, 0
0, 478548,  10.32,   1.81, 0
0, 478830,  10.31,   1.78, 0
0, 479112,  10.27,   1.77, 0
0, 479394,  10.31,   1.74, 0
0, 479676,  10.28,   1.77, 0
0, 479958,  10.30,   1.83, 0
0, 480240,  10.29,   1.79, 0
0, 480522,  10.31,   1.79, 0
0, 480804,  10.31,   1.74, 0
0, 481086,  10.31,   1.78, 0
0, 481368,  10.27,   1.80, 0
0, 481650,  10.30,   1.74, 0
0, 481932,  10.31,   1.69, 0
0, 482214,  10.38,   1.77, 0
0, 482496,  10.32,   1.71, 0
0, 482778,  10.31,   1.79, 0
0, 483060,  10.29,   1.74, 0
0, 483342,  10.31,   1.82, 0
0, 483624,  10.29,   1.81, 0
0, 483906,  10.29,   1.77, 0
0, 484188,  10.34,   1.84, 0
0, 484470,  10.32,   1.77, 0
0, 484752,  10.31,   1.79, 0
0, 485034,  10.30,   1.77, 0
0, 485316,  10.31,   1.77, 0
0, 485598,  10.30,   1.79, 0
0, 485880,  10.30,   1.75, 0
0, 486162,  10.31,   1.77, 0
0, 486444,  10.30,   1.77, 0
0, 486726,  10.18,   1.39, 0
0, 487008,  10.30,   1.70, 0
0, 487290,  10.06,   2.04, 0
0, 487572,  10.24,   1.81, 0
0, 487854,  10.31,   1.76, 0
0, 488136,  10.30,   1.81, 0
0, 488418,  10.29,   1.82, 0
0, 488700,  10.29,   1.81, 0
0, 488982,  10.30,   1.77, 0
0, 489264,  10.29,   1.76, 0
0, 489546,  10.42,   1.46, 0
0, 489828,  10.30,   1.74, 0
0, 490110,  10.25,   1.78, 0
0, 490392,  10.30,   1.94, 0
0, 490674,  10.31,   1.93, 0
0, 490956,  10.33,   1.67, 0
0, 491238,  10.30,   1.63, 0
0, 491520,  10.30,   1.76, 0
0, 491802,  10.30,   1.77, 0
0, 492084,  10.31,   1.91, 0
0, 492366,  10.32,   1.84, 0
0, 492648,  10.29,   1.81, 0
0, 492930,  10.28,   1.82, 0
0, 493212,  10.30,   1.78, 0
0, 493494,  10.30,   1.80, 0
0, 493776,  10.30,   1.77, 0
0, 494058,  10.25,   1.48, 0
0, 494340,  10.29,   1.72, 0
0, 494622,  10.10,   2.14, 0
0, 494904,  10.30,   1.85, 0
0, 495186,  10.27,   1.80, 0
0, 495468,  10.30,   1.81, 0
0, 495750,  10.30,   1.79, 0
0, 496032,  10.29,   1.73, 0
0, 496314,  10.29,   1.74, 0
0, 496596,  10.30,   1.76, 0
0, 496878,  10.30,   1.73, 0
0, 497160,  10.30,   1.76, 0
0, 497442,  10.32,   1.77, 0
0, 497724,  10.30,   1.76, 0
0, 498006,  10.27,   1.76, 0
0, 498288,  10.28,   1.88, 0
0, 498570,  10.32,   1.77, 0
0, 498852,  10.29,   1.81, 0
0, 499134,  10.31,   1.75, 0
0, 499416,  10.29,   1.77, 0
0, 499698,  10.29,   1.79, 0
0, 499980,  10.30,   1.81, 0
0, 500262,  10.32,   1.74, 0
0, 500544,  10.31,   1.78, 0
0, 500826,  10.29,   1.75, 0
0, 501108,  10.30,   1.78, 0
0, 501390,  10.31,   1.76, 0
0, 501672,  10.30,   1.75, 0
0, 501954,  10.30,   1.78, 0
0, 502236,  10.30,   1.77, 0
0, 502518,  10.30,   1.77, 0
0, 502800,  10.29,   1.75, 0
0, 503082,  10.30,   1.78, 0
0, 503364,  10.30,   1.72, 0
0, 503646,  10.29,   1.75, 0
0, 503928,  10.31,   1.77, 0
0, 504210,  10.29,   1.76, 0
0, 504492,  10.30,   1.78, 0
0, 504774,  10.31,   1.75, 0
0, 505056,  10.30,   1.80, 0
0, 505338,  10.30,   1.74, 0
0, 505620,  10.31,   1.76, 0
0, 505902,  10.30,   1.76, 0
0, 506184,  10.30,   1.79, 0
0, 506466,  10.30,   1.78, 0
0, 506748,  10.30,   1.78, 0
0, 507030,  10.31,   1.77, 0
0, 507312,  10.31,   1.76, 0
0, 507594,  10.29,   1.78, 0
0, 507876,  10.27,   1.76, 0
0, 508158,  10.29,   1.74, 0
0, 508440,  10.29,   1.76, 0
0, 508722,  10.29,   1.75, 0
0, 509004,  10.30,   1.75, 0
0, 509286,  10.29,   1.74, 0
0, 509568,  10.29,   1.76, 0
0, 509850,  10.30,   1.77, 0
0, 510132,  10.29,   1.77, 0
0, 510414,  10.30,   1.80, 0
0, 510696,  10.30,   1.82, 0
0, 510978,  10.32,   1.76, 0
0, 511260,  10.30,   1.75, 0
0, 511542,  10.28,   1.77, 0
0, 511824,  10.31,   1.77, 0
0, 512106,  10.30,   1.74, 0
0, 512388,  10.31,   1.77, 0
0, 512670,  10.30,   1.79, 0
0, 512952,  10.31,   1.79, 0
0, 513234,  10.30,   1.78, 0
0, 513516,  10.29,   1.76, 0
0, 513798,  10.31,   1.75, 0
0, 514080,  10.30,   1.76, 0
0, 514362,  10.30,   1.77, 0
0, 514644,  10.30,   1.74, 0
0, 514926,  10.30,   1.80, 0
0, 515208,  10.29,   1.75, 0
0, 515490,  10.30,   1.80, 0
0, 515772,  10.28,   1.69, 0
0, 516054,  10.31,   1.74, 0
0, 516336,  10.31,   1.76, 0
0, 516618,  10.28,   1.76, 0
0, 516900,  10.30,   1.73, 0
0, 517182,  10.30,   1.74, 0
0, 517464,  10.30,   1.79, 0
0, 517746,  10.31,   1.76, 0
0, 518028,  10.30,   1.75, 0
0, 518310,  10.28,   1.75, 0
0, 518592,  10.30,   1.80, 0
0, 518874,  10.30,   1.79, 0
0, 519156,  10.27,   1.75, 0
0, 519438,  10.30,   1.82, 0
0, 519720,  10.29,   1.78, 0
0, 520002,  10.29,   1.76, 0
0, 520284,  10.28,   1.77, 0
0, 520566,  10.30,   1.75, 0
0, 520848,  10.30,   1.79, 0
0, 521130,  10.30,   1.76, 0
0, 521412,  10.31,   1.74, 0
0, 521694,  10.30,   1.73, 0
0, 521976,  10.30,   1.76, 0
0, 522258,  10.29,   1.78, 0
0, 522540,  10.28,   1.74, 0
0, 522822,  10.30,   1.77, 0
0, 523104,  10.31,   1.75, 0
0, 523386,  10.31,   1.76, 0
0, 523668,  10.33,   1.86, 0
0, 523950,  10.30,   1.77, 0
0, 524232,  10.31,   1.74, 0
0, 524514,  10.32,   1.77, 0
0, 524796,  10.31,   1.73, 0
0, 525078,  10.31,   1.78, 0
0, 525360,  10.30,   1.82, 0
0, 525642,  10.29,   1.78, 0
0, 525924,  10.30,   1.76, 0
0, 526206,  10.29,   1.74, 0
0, 526488,  10.30,   1.75, 0
0, 526770,  10.30,   1.78, 0
0, 527052,  10.29,   1.76, 0
0, 527334,  10.31,   1.82, 0
0, 527616,  10.29,   1.72, 0
0, 527898,  10.28,   1.73, 0
0, 528180,  10.29,   1.73, 0
0, 528462,  10.28,   1.74, 0
0, 528744,  10.29,   1.77, 0
0, 529026,  10.31,   1.78, 0
0, 529308,  10.32,   1.81, 0
0, 529590,  10.30,   1.77, 0
0, 529872,  10.31,   1.76, 0
0, 530154,  10.30,   1.74, 0
0, 530436,  10.31,   1.77, 0
0, 530718,  10.29,   1.79, 0
0, 531000,  10.29,   1.76, 0
0, 531282,  10.30,   1.76, 0
0, 531564,  10.30,   1.74, 0
0, 531846,  10.31,   1.80, 0
0, 532128,  10.30,   1.79, 0
0, 532410,  10.32,   1.37, 0
0, 532692,  10.31,   1.76, 0
0, 532974,  10.24,   1.71, 0
0, 533256,  10.30,   1.77, 0
0, 533538,  10.29,   1.77, 0
0, 533820,  10.32,   1.75, 0
0, 534102,  10.27,   1.82, 0
0, 534384,  10.26,   1.80, 0
0, 534666,  10.31,   1.73, 0
0, 534948,  10.26,   1.75, 0
0, 535230,  10.31,   1.70, 0
0, 535512,  10.36,   1.82, 0
0, 535794,  10.30,   1.73, 0
0, 536076,  10.31,   1.76, 0
0, 536358,  10.29,   1.70, 0
0, 536640,  10.29,   1.78, 0
0, 536922,  10.29,   1.72, 0
0, 537204,  10.33,   1.79, 0
0, 537486,  10.34,   1.74, 0
0, 537768,  10.30,   1.73, 0
0, 538050,  10.32,   1.85, 0
0, 538332,  10.29,   1.84, 0
0, 538614,  10.34,   1.81, 0
0, 538896,  10.29,   1.76, 0
0, 539178,  10.28,   1.72, 0
0, 539460,  10.29,   1.77, 0
0, 539742,  10.30,   1.86, 0
0, 540024,  10.31,   1.78, 0
0, 540306,  10.31,   1.76, 0
0, 540588,  10.38,   1.55, 0
0, 540870,  10.31,   1.70, 0
0, 541152,  10.34,   1.80, 0
0, 541434,  10.30,   1.82, 0
0, 541716,  10.30,   1.88, 0
0, 541998,  10.34,   1.70, 0
0, 542280,  10.29,   1.86, 0
0, 542562,  10.33,   1.82, 0
0, 542844,  10.29,   1.79, 0
0, 543126,  10.32,   1.80, 0
0, 543408,  10.30,   1.81, 0
0, 543690,  10.31,   1.75, 0
0, 543972,  10.30,   1.85, 0
0, 544254,  10.31,   1.82, 0
0, 544536,  10.32,   1.79, 0
0, 544818,  10.35,   1.70, 0
0, 545100,  10.29,   1.75, 0
0, 545382,  10.25,   1.76, 0
0, 545664,  10.33,   1.75, 0
0, 545946,  10.33,   1.75, 0
0, 546228,  10.29,   1.76, 0
0, 546510,  10.31,   1.67, 0
0, 546792,  10.30,   1.78, 0
0, 547074,  10.32,   1.75, 0
0, 547356,  10.32,   1.81, 0
0, 547638,  10.24,   1.73, 0
0, 547920,  10.29,   1.81, 0
0, 548202,  10.30,   1.79, 0
0, 548484,  10.28,   1.74, 0
0, 548766,  10.31,   1.73, 0
0, 549048,  10.35,   1.82, 0
0, 549330,  10.28,   1.78, 0
0, 549612,  10.31,   1.81, 0
0, 549894,  10.21,   1.32, 0
0, 550176,  10.28,   1.78, 0
0, 550458,  10.28,   1.75, 0
0, 550740,  10.32,   1.92, 0
0, 551022,  10.33,   1.78, 0
0, 551304,  10.32,   1.76, 0
0, 551586,  10.30,   1.81, 0
0, 551868,  10.30,   1.80, 0
0, 552150,  10.30,   1.74, 0
0, 552432,  10.31,   1.78, 0
0, 552714,  10.32,   1.81, 0
0, 552996,  10.31,   1.78, 0
0, 553278,  10.31,   1.78, 0
0, 553560,  10.31,   1.79, 0
0, 553842,  10.30,   1.74, 0
0, 554124,  10.30,   1.76, 0
0, 554406,  10.30,   1.75, 0
0, 554688,  10.31,   1.80, 0
0, 554970,  10.22,   1.30, 0
0, 555252,  10.31,   1.96, 0
0, 555534,  10.29,   1.88, 0
0, 555816,  10.35,   1.82, 0
0, 556098,  10.32,   1.87, 0
0, 556380,  10.31,   1.76, 0
0, 556662,  10.30,   1.72, 0
0, 556944,  10.30,   1.78, 0
0, 557226,  10.30,   1.77, 0
0, 557508,  10.30,   1.78, 0
0, 557790,  10.30,   1.77, 0
0, 558072,  10.30,   1.77, 0
0, 558354,  10.31,   1.77, 0
0, 558636,  10.29,   1.76, 0
0, 558918,  10.31,   1.75, 0
0, 559200,  10.30,   1.79, 0
0, 559482,  10.30,   1.76, 0
0, 559764,  10.31,   1.77, 0
0, 560046,  10.32,   1.75, 0
0, 560328,  10.31,   1.76, 0
0, 560610,  10.31,   1.75, 0
0, 560892,  10.31,   1.80, 0
0, 561174,  10.31,   1.76, 0
0, 561456,  10.31,   1.78, 0
0, 561738,  10.31,   1.76, 0
0, 562020,  10.31,   1.78, 0
0, 562302,  10.30,   1.77, 0
0, 562584,  10.31,   1.79, 0
0, 562866,  10.31,   1.81, 0
0, 563148,  10.31,   1.77, 0
0, 563430,  10.29,   1.74, 0
0, 563712,  10.31,   1.80, 0
0, 563994,  10.30,   1.77, 0
0, 564276,  10.30,   1.77, 0
0, 564558,  10.30,   1.80, 0
0, 564840,  10.31,   1.77, 0
0, 565122,  10.29,   1.79, 0
0, 565404,  10.31,   1.79, 0
0, 565686,  10.31,   1.77, 0
0, 565968,  10.30,   1.79, 0
0, 566250,  10.32,   1.78, 0
0, 566532,  10.30,   1.78, 0
0, 566814,  10.30,   1.79, 0
0, 567096,  10.29,   1.81, 0
0, 567378,  10.30,   1.65, 0
0, 567660,  10.30,  19.33, 0
0, 567942,  10.30,   3.94, 0
0, 568224,  10.28,   8.89, 0
0, 568506,  10.30,   1.66, 0
0, 568788,  10.25,   1.66, 0
0, 569070,  10.30,   1.82, 0
0, 569352,  10.29,   1.72, 0
0, 569634,  10.28,   1.75, 0
0, 569916,  10.33,   1.72, 0
0, 570198,  10.30,   1.74, 0
0, 570480,  10.32,   1.81, 0
0, 570762,  10.29,   1.71, 0
0, 571044,  10.31,   1.75, 0
0, 571326,  10.46,   1.31, 0
0, 571608,  10.36,   1.65, 0
0, 571890,  10.22,   1.82, 0
0, 572172,  10.34,   1.88, 0
0, 572454,  10.32,   1.80, 0
0, 572736,  10.31,   1.70, 0
0, 573018,  10.39,   1.61, 0
0, 573300,  10.28,   1.71, 0
0, 573582,  10.31,   1.84, 0
0, 573864,  10.31,   1.83, 0
0, 574146,  10.31,   1.72, 0
0, 574428,  10.32,   1.83, 0
0, 574710,  10.29,   1.80, 0
0, 574992,  10.30,   1.82, 0
0, 575274,  10.31,   1.77, 0
0, 575556,  10.30,   1.87, 0
0, 575838,  10.33,   1.74, 0
0, 576120,  10.32,   1.79, 0
0, 576402,  10.28,   1.76, 0
0, 576684,  10.31,   1.58, 0
0, 576966,  10.20,   1.49, 0
0, 577248,  10.38,   1.75, 0
0, 577530,  10.33,   1.83, 0
0, 577812,  10.26,   1.77, 0
0, 578094,  10.34,   1.80, 0
0, 578376,  10.30,   1.77, 0
0, 578658,  10.46,   1.99, 0
0, 578940,  10.30,   1.94, 0
0, 579222,  10.30,   1.89, 0
0, 579504,  10.32,   1.82, 0
0, 579786,  10.32,   1.80, 0
0, 580068,  10.34,   1.80, 0
0, 580350,  10.31,   1.76, 0
0, 580632,  10.28,   1.75, 0
0, 580914,  10.29,   1.73, 0
0, 581196,  10.30,   1.74, 0
0, 581478,  10.33,   1.69, 0
0, 581760,  10.32,   1.77, 0
0, 582042,  10.34,   1.75, 0
0, 582324,  10.31,   1.76, 0
0, 582606,  10.32,   1.82, 0
0, 582888,  10.30,   1.80, 0
0, 583170,  10.25,   1.81, 0
0, 583452,  10.29,   1.80, 0
0, 583734,  10.24,   1.70, 0
0, 584016,  10.34,   1.76, 0
0, 584298,  10.26,   1.75, 0
0, 584580,  10.05,   1.63, 0
0, 584862,  10.34,   1.77, 0
0, 585144,  10.30,   1.74, 0
0, 585426,  10.27,   1.72, 0
0, 585708,  10.29,   1.74, 0
0, 585990,  10.32,   1.72, 0
0, 586272,  10.30,   1.72, 0
0, 586554,  10.34,   1.84, 0
0, 586836,  10.31,   1.75, 0
0, 587118,  10.30,   1.77, 0
0, 587400,  10.29,   1.74, 0
0, 587682,  10.29,   1.78, 0
0, 587964,  10.30,   1.71, 0
0, 588246,  10.33,   1.62, 0
0, 588528,  10.26,   1.77, 0
0, 588810,  10.31,   1.86, 0
0, 589092,  10.33,   1.70, 0
0, 589374,  10.27,   1.68, 0
0, 589656,  10.32,   1.78, 0
0, 589938,  10.34,   1.77, 0
0, 590220,  10.31,   1.76, 0
0, 590502,  10.30,   1.75, 0
0, 590784,  10.27,   1.75, 0
0, 591066,  10.31,   1.70, 0
0, 591348,  10.30,   1.76, 0
0, 591630,  10.29,   1.71, 0
0, 591912,  10.31,   1.73, 0
0, 592194,  10.30,   1.74, 0
0, 592476,  10.30,   1.75, 0
0, 592758,  10.31,   1.74, 0
0, 593040,  10.33,   1.82, 0
0, 593322,  10.31,   1.73, 0
0, 593604,  10.33,   1.39, 0
0, 593886,  10.27,   1.69, 0
0, 594168,  10.23,   1.95, 0
0, 594450,  10.32,   1.80, 0
0, 594732,  10.33,   1.76, 0
0, 595014,  10.29,   1.77, 0
0, 595296,  10.31,   1.77, 0
0, 595578,  10.32,   1.76, 0
0, 595860,  10.33,   1.76, 0
0, 596142,  10.31,   1.74, 0
0, 596424,  10.29,   1.77, 0
0, 596706,  10.32,   1.75, 0
0, 596988,  10.32,   1.76, 0
0, 597270,  10.32,   1.76, 0
0, 597552,  10.30,   1.78, 0
0, 597834,  10.31,   1.77, 0
0, 598116,  10.31,   1.73, 0
0, 598398,  10.31,   1.79, 0
0, 598680,  10.30,   1.78, 0
0, 598962,  10.31,   1.73, 0
0, 599244,  10.35,   1.64, 0
0, 599526,  10.35,   1.88, 0
0, 599808,  10.26,   1.41, 0
0, 600090,  10.30,   1.70, 0
0, 600372,  10.26,   1.89, 0
0, 600654,  10.29,   1.93, 0
0, 600936,  10.31,   1.81, 0
0, 601218,  10.31,   1.77, 0
0, 601500,  10.30,   1.75, 0
0, 601782,  10.29,   1.75, 0
0, 602064,  10.30,   1.75, 0
0, 602346,  10.31,   1.75, 0
0, 602628,  10.32,   1.75, 0
0, 602910,  10.30,   1.77, 0
0, 603192,  10.32,   1.76, 0
0, 603474,  10.31,   1.78, 0
0, 603756,  10.31,   1.74, 0
0, 604038,  10.33,   1.82, 0
0, 604320,  10.30,   1.71, 0
0, 604602,  10.31,   1.74, 0
0, 604884,  10.31,   1.76, 0
0, 605166,  10.32,   1.73, 0
0, 605448,  10.30,   1.77, 0
0, 605730,  10.32,   1.71, 0
0, 606012,  10.33,   1.56, 0
0, 606294,  10.33,   1.65, 0
0, 606576,  10.35,   1.72, 0
0, 606858,  10.31,   1.79, 0
0, 607140,  10.16,   1.94, 0
0, 607422,  10.30,   1.80, 0
0, 607704,  10.30,   1.80, 0
0, 607986,  10.31,   1.73, 0
0, 608268,  10.29,   1.77, 0
0, 608550,  10.30,   1.77, 0
0, 608832,  10.30,   1.73, 0
0, 609114,  10.30,   1.73, 0
0, 609396,  10.30,   1.76, 0
0, 609678,  10.27,   1.72, 0
0, 609960,  10.30,   1.74, 0
0, 610242,  10.30,   1.76, 0
0, 610524,  10.30,   1.73, 0
0, 610806,  10.32,   1.73, 0
0, 611088,  10.36,   1.69, 0
0, 611370,  10.27,   1.92, 0
0, 611652,  10.26,   1.76, 0
0, 611934,  10.31,   1.72, 0
0, 612216,  10.36,   1.55, 0
0, 612498,  10.30,   1.57, 0
0, 612780,   9.96,   1.93, 0
0, 613062,  10.24,   1.89, 0
0, 613344,  10.31,   1.87, 0
0, 613626,  10.27,   1.69, 0
0, 613908,  10.28,   1.76, 0
0, 614190,  10.28,   1.69, 0
0, 614472,  10.28,   1.76, 0
0, 614754,  10.30,   1.75, 0
0, 615036,  10.29,   1.75, 0
0, 615318,  10.28,   1.75, 0
0, 615600,  10.29,   1.74, 0
0, 615882,  10.30,   1.74, 0
0, 616164,  10.29,   1.73, 0
0, 616446,  10.31,   1.76, 0
0, 616728,  10.33,   1.75, 0
0, 617010,  10.29,   1.76, 0
0, 617292,  10.31,   1.74, 0
0, 617574,  10.30,   1.75, 0
0, 617856,  10.32,   1.83, 0
0, 618138,  10.32,   1.77, 0
0, 618420,  10.31,   1.76, 0
0, 618702,  10.29,   1.76, 0
0, 618984,  10.33,   1.79, 0
0, 619266,  10.38,   1.36, 0
0, 619548,  10.31,   1.79, 0
0, 619830,  10.34,   1.98, 0
0, 620112,  10.30,   1.75, 0
0, 620394,  10.32,   1.87, 0
0, 620676,  10.32,   1.78, 0
0, 620958,  10.32,   1.77, 0
0, 621240,  10.32,   1.77, 0
0, 621522,  10.31,   1.75, 0
0, 621804,  10.31,   1.75, 0
0, 622086,  10.31,   1.75, 0
0, 622368,  10.31,   1.76, 0
0, 622650,  10.31,   1.77, 0
0, 622932,  10.29,   1.76, 0
0, 623214,  10.33,   1.79, 0
0, 623496,  10.29,   1.71, 0
0, 623778,  10.31,   1.75, 0
0, 624060,  10.31,   1.78, 0
0, 624342,  10.30,   1.80, 0
0, 624624,  10.29,   1.73, 0
0, 624906,  10.31,   1.77, 0
0, 625188,  10.31,   1.75, 0
0, 625470,  10.30,   1.76, 0
0, 625752,  10.30,   1.82, 0
0, 626034,  10.31,   1.77, 0
0, 626316,  10.30,   1.75, 0
0, 626598,  10.30,   1.77, 0
0, 626880,  10.29,   1.75, 0
0, 627162,  10.28,   1.78, 0
0, 627444,  10.32,   1.76, 0
0, 627726,  10.31,   1.75, 0
0, 628008,  10.33,   1.73, 0
0, 628290,  10.33,   1.73, 0
0, 628572,  10.31,   1.78, 0
0, 628854,  10.27,   1.76, 0
0, 629136,  10.31,   1.79, 0
0, 629418,  10.31,   1.79, 0
0, 629700,  10.31,   1.75, 0
0, 629982,  10.30,   1.74, 0
0, 630264,  10.35,   1.85, 0
0, 630546,  10.29,   1.77, 0
0, 630828,  10.30,   1.74, 0
0, 631110,  10.27,   1.75, 0
0, 631392,  10.26,   1.38, 0
0, 631674,  10.31,   1.69, 0
0, 631956,  10.25,   1.71, 0
0, 632238,  10.34,   1.76, 0
0, 632520,  10.32,   1.75, 0
0, 632802,  10.29,   1.76, 0
0, 633084,  10.30,   1.76, 0
0, 633366,  10.31,   1.75, 0
0, 633648,  10.31,   1.73, 0
0, 633930,  10.30,   1.75, 0
0, 634212,  10.31,   1.77, 0
0, 634494,  10.31,   1.78, 0
0, 634776,  10.30,   1.74, 0
0, 635058,  10.31,   1.75, 0
0, 635340,  10.30,   1.70, 0
0, 635622,  10.31,   1.73, 0
0, 635904,  10.31,   1.77, 0
0, 636186,  10.31,   1.77, 0
0, 636468,  10.31,   1.75, 0
0, 636750,  10.30,   1.68, 0
0, 637032,  10.30,   1.73, 0
0, 637314,  10.30,   1.72, 0
0, 637596,  10.31,   1.72, 0
0, 637878,  10.30,   1.73, 0
0, 638160,  10.29,   1.69, 0
0, 638442,  10.28,   1.76, 0
0, 638724,  10.30,   1.75, 0
0, 639006,  10.30,   1.74, 0
0, 639288,  10.30,   1.74, 0
0, 639570,  10.30,   1.76, 0
0, 639852,  10.30,   1.77, 0
0, 640134,  10.30,   1.77, 0
0, 640416,  10.30,   1.76, 0
0, 640698,  10.30,   1.76, 0
0, 640980,  10.30,   1.76, 0
0, 641262,  10.30,   1.74, 0
0, 641544,  10.29,   1.78, 0
0, 641826,  10.30,   1.74, 0
0, 642108,  10.30,   1.78, 0
0, 642390,  10.30,   1.37, 0
0, 642672,  10.26,   1.85, 0
0, 642954,  10.28,   1.85, 0
0, 643236,  10.33,   1.85, 0
0, 643518,  10.30,   1.75, 0
0, 643800,  10.29,   1.75, 0
0, 644082,  10.28,   1.71, 0
0, 644364,  10.30,   1.76, 0
0, 644646,  10.29,   1.75, 0
0, 644928,  10.30,   1.76, 0
0, 645210,  10.29,   1.72, 0
0, 645492,  10.31,   1.81, 0
0, 645774,  10.27,   1.70, 0
0, 646056,  10.24,   1.82, 0
0, 646338,  10.30,   1.76, 0
0, 646620,  10.31,   1.76, 0
0, 646902,  10.31,   1.75, 0
0, 647184,  10.31,   1.76, 0
0, 647466,  10.31,   1.75, 0
0, 647748,  10.31,   1.79, 0
0, 648030,  10.30,   1.76, 0
0, 648312,  10.30,   1.76, 0
0, 648594,  10.30,   1.77, 0
0, 648876,  10.30,   1.73, 0
0, 649158,  10.29,   1.77, 0
0, 649440,  10.30,   1.74, 0
0, 649722,  10.30,   1.74, 0
0, 650004,  10.31,   1.77, 0
0, 650286,  10.31,   1.76, 0
0, 650568,  10.32,   1.76, 0
0, 650850,  10.32,   1.76, 0
0, 651132,  10.31,   1.78, 0
0, 651414,  10.31,   1.83, 0
0, 651696,  10.30,   1.77, 0
0, 651978,  10.31,   9.47, 0
0, 652260,  10.30,   1.74, 0
0, 652542,  10.31,   1.80, 0
0, 652824,  10.32,   1.79, 0
0, 653106,  10.30,   1.74, 0
0, 653388,  10.31,   3.49, 0
0, 653670,  10.31,   1.71, 0
0, 653952,  10.32,   1.80, 0
0, 654234,  10.32,   1.73, 0
0, 654516,  10.30,   1.75, 0
0, 654798,  10.31,   1.79, 0
0, 655080,  10.31,   1.71, 0
0, 655362,  10.31,   1.80, 0
0, 655644,  10.31,   1.80, 0
0, 655926,  10.30,   1.75, 0
0, 656208,  10.31,   1.76, 0
0, 656490,  10.30,   1.75, 0
0, 656772,  10.32,   1.80, 0
0, 657054,  10.32,   1.81, 0
0, 657336,  10.34,   1.75, 0
0, 657618,  10.33,   1.78, 0
0, 657900,  10.31,   1.80, 0
0, 658182,  10.30,   1.79, 0
0, 658464,  10.26,   1.67, 0
0, 658746,  10.31,   1.66, 0
0, 659028,  10.29,   1.76, 0
0, 659310,  10.39,   1.73, 0
0, 659592,  10.31,   1.81, 0
0, 659874,  10.33,   1.70, 0
0, 660156,  10.29,   1.77, 0
0, 660438,  10.31,   1.77, 0
0, 660720,  10.29,   1.78, 0
0, 661002,  10.31,   1.75, 0
0, 661284,  10.30,   1.77, 0
0, 661566,  10.30,   1.76, 0
0, 661848,  10.31,   1.80, 0
0, 662130,  10.30,   1.78, 0
0, 662412,  10.30,   1.77, 0
0, 662694,  10.30,   1.79, 0
0, 662976,  10.30,   1.77, 0
0, 663258,  10.30,   1.77, 0
0, 663540,  10.30,   1.73, 0
0, 663822,  10.29,   1.78, 0
0, 664104,  10.29,   1.75, 0
0, 664386,  10.32,   1.80, 0
0, 664668,  10.29,   1.74, 0
0, 664950,  10.28,   1.78, 0
0, 665232,  10.32,   1.77, 0
0, 665514,  10.31,   1.73, 0
0, 665796,  10.30,   1.73, 0
0, 666078,  10.31,   1.76, 0
0, 666360,  10.30,   1.78, 0
0, 666642,  10.30,   1.74, 0
0, 666924,  10.29,   1.78, 0
0, 667206,  10.30,   1.74, 0
0, 667488,  10.30,   1.75, 0
0, 667770,  10.31,   1.76, 0
0, 668052,  10.31,   1.72, 0
0, 668334,  10.30,   1.75, 0
0, 668616,  10.30,   1.75, 0
0, 668898,  10.30,   1.78, 0
0, 669180,  10.32,   1.73, 0
0, 669462,  10.30,   1.78, 0
0, 669744,  10.30,   1.73, 0
0, 670026,  10.31,   1.75, 0
0, 670308,  10.30,   1.73, 0
0, 670590,  10.30,   1.75, 0
0, 670872,  10.28,   1.72, 0
0, 671154,  10.24,   1.83, 0
0, 671436,  10.27,   1.75, 0
0, 671718,  10.35,   1.73, 0
0, 672000,  10.30,   1.79, 0
0, 672282,  10.27,   1.71, 0
0, 672564,  10.28,   1.76, 0
0, 672846,  10.31,   1.77, 0
0, 673128,  10.31,   1.74, 0
0, 673410,  10.31,   1.78, 0
0, 673692,  10.30,   1.76, 0
0, 673974,  10.31,   1.73, 0
0, 674256,  10.30,   1.73, 0
0, 674538,  10.30,   1.73, 0
0, 674820,  10.30,   1.73, 0
0, 675102,  10.31,   1.72, 0
0, 675384,  10.29,   1.77, 0
0, 675666,  10.30,   1.76, 0
0, 675948,  10.30,   1.72, 0
0, 676230,  10.30,   1.74, 0
0, 676512,  10.30,   1.76, 0
0, 676794,  10.30,   1.73, 0
0, 677076,  10.29,   1.77, 0
0, 677358,  10.30,   1.75, 0
0, 677640,  10.31,   1.74, 0
0, 677922,  10.30,   1.73, 0
0, 678204,  10.31,   1.72, 0
0, 678486,  10.31,   1.78, 0
0, 678768,  10.30,   1.73, 0
0, 679050,  10.31,   1.73, 0
0, 679332,  10.30,   1.75, 0
0, 679614,  10.31,   1.76, 0
0, 679896,  10.34,   1.77, 0
0, 680178,  10.31,   1.77, 0
0, 680460,  10.32,   1.82, 0
0, 680742,  10.32,   1.82, 0
0, 681024,  10.30,   1.80, 0
0, 681306,  10.29,   1.77, 0
0, 681588,  10.29,   1.79, 0
0, 681870,  10.31,   1.77, 0
0, 682152,  10.32,   1.79, 0
0, 682434,  10.32,   1.73, 0
0, 682716,  10.31,   1.78, 0
0, 682998,  10.29,   1.77, 0
0, 683280,  10.31,   1.76, 0
0, 683562,  10.28,   1.73, 0
0, 683844,  10.31,   1.74, 0
0, 684126,  10.31,   1.77, 0
0, 684408,  10.28,   1.79, 0
0, 684690,  10.31,   1.83, 0
0, 684972,  10.28,   1.77, 0
0, 685254,  10.29,   1.71, 0
0, 685536,  10.25,   1.72, 0
0, 685818,  10.26,   1.69, 0
0, 686100,  10.27,   1.81, 0
0, 686382,  10.34,   1.82, 0
0, 686664,  10.35,   1.90, 0
0, 686946,  10.29,   1.71, 0
0, 687228,  10.27,   1.64, 0
0, 687510,  10.29,   1.71, 0
0, 687792,  10.32,   1.86, 0
0, 688074,  10.30,   1.77, 0
0, 688356,  10.33,   1.79, 0
0, 688638,  10.29,   1.71, 0
0, 688920,  10.35,   1.32, 0
0, 689202,  10.33,   1.48, 0
0, 689484,  10.31,   1.91, 0
0, 689766,  10.35,   1.75, 0
0, 690048,  10.24,   1.71, 0
0, 690330,  10.33,   1.85, 0
0, 690612,  10.22,   1.69, 0
0, 690894,  10.32,   1.75, 0
0, 691176,  10.34,   1.79, 0
0, 691458,  10.24,   1.71, 0
0, 691740,  10.32,   1.79, 0
0, 692022,  10.37,   1.78, 0
0, 692304,  10.24,   1.72, 0
0, 692586,  10.32,   1.78, 0
0, 692868,  10.34,   1.76, 0
0, 693150,  10.26,   1.74, 0
0, 693432,  10.31,   1.76, 0
0, 693714,  10.32,   1.74, 0
0, 693996,  10.28,   1.76, 0
0, 694278,  10.31,   1.76, 0
0, 694560,  10.32,   1.73, 0
0, 694842,  10.29,   1.79, 0
0, 695124,  10.31,   1.74, 0
0, 695406,  10.32,   1.75, 0
0, 695688,  10.29,   1.78, 0
0, 695970,  10.32,   1.73, 0
0, 696252,  10.31,   1.80, 0
0, 696534,  10.29,   1.78, 0
0, 696816,  10.32,   1.79, 0
0, 697098,  10.31,   1.76, 0
0, 697380,  10.30,   1.79, 0
0, 697662,  10.30,   1.81, 0
0, 697944,  10.30,   1.76, 0
0, 698226,  10.29,   1.75, 0
0, 698508,  10.31,   1.74, 0
0, 698790,  10.29,   1.75, 0
0, 699072,  10.31,   1.80, 0
0, 699354,  10.31,   1.77, 0
0, 699636,  10.30,   1.77, 0
0, 699918,  10.31,   1.80, 0
0, 700200,  10.30,   1.77, 0
0, 700482,  10.30,   1.76, 0
0, 700764,  10.30,   1.77, 0
0, 701046,  10.30,   1.75, 0
0, 701328,  10.30,   1.73, 0
0, 701610,  10.29,   1.76, 0
0, 701892,  10.30,   1.77, 0
0, 702174,  10.30,   1.76, 0
0, 702456,  10.29,   1.75, 0
0, 702738,  10.32,   1.76, 0
0, 703020,  10.30,   1.74, 0
0, 703302,  10.30,   1.71, 0
0, 703584,  10.29,   1.74, 0
0, 703866,  10.31,   1.77, 0
0, 704148,  10.29,   1.79, 0
0, 704430,  10.31,   1.77, 0
0, 704712,  10.31,   1.76, 0
0, 704994,  10.30,   1.77, 0
0, 705276,  10.29,   1.75, 0
0, 705558,  10.31,   1.75, 0
0, 705840,  10.30,   1.78, 0
0, 706122,  10.32,   1.72, 0
0, 706404,  10.32,   1.74, 0
0, 706686,  10.31,   1.77, 0
0, 706968,  10.31,   1.74, 0
0, 707250,  10.30,   1.75, 0
0, 707532,  10.32,   1.78, 0
0, 707814,  10.31,   1.68, 0
0, 708096,  10.26,   1.79, 0
0, 708378,  10.34,   1.75, 0
0, 708660,  10.32,   1.73, 0
0, 708942,  10.28,   1.80, 0
0, 709224,  10.31,   1.73, 0
0, 709506,  10.30,   1.78, 0
0, 709788,  10.32,   1.76, 0
0, 710070,  10.29,   1.72, 0
0, 710352,  10.30,   1.76, 0
0, 710634,  10.34,   1.75, 0
0, 710916,  10.30,   1.79, 0
0, 711198,  10.30,   1.76, 0
0, 711480,  10.32,   1.77, 0
0, 711762,  10.29,   1.76, 0
0, 712044,  10.30,   1.78, 0
0, 712326,  10.32,   1.76, 0
0, 712608,  10.27,   1.71, 0
0, 712890,  10.31,   1.78, 0
0, 713172,  10.33,   1.77, 0
0, 713454,  10.30,   1.57, 0
0, 713736,  10.29,   1.84, 0
0, 714018,  10.32,   1.82, 0
0, 714300,  10.33,   1.74, 0
0, 714582,  10.27,   1.80, 0
0, 714864,  10.54,   2.02, 0
0, 715146,  10.29,   1.80, 0
0, 715428,  10.30,   1.76, 0
0, 715710,  10.33,   1.73, 0
0, 715992,  10.32,   1.72, 0
0, 716274,  10.31,   1.75, 0
0, 716556,  10.30,   1.75, 0
0, 716838,  10.32,   1.77, 0
0, 717120,  10.33,   1.82, 0
0, 717402,  10.31,   1.76, 0
0, 717684,  10.28,   1.73, 0
0, 717966,  10.29,   1.72, 0
0, 718248,  10.32,   1.74, 0
0, 718530,  10.32,   1.74, 0
0, 718812,  10.30,   1.72, 0
0, 719094,  10.29,   1.73, 0
0, 719376,  10.32,   1.73, 0
0, 719658,  10.31,   1.76, 0
0, 719940,  10.31,   1.76, 0
0, 720222,  10.30,   1.77, 0
0, 720504,  10.30,   1.74, 0
0, 720786,  10.30,   1.75, 0
0, 721068,  10.32,   1.76, 0
0, 721350,  10.31,   1.77, 0
0, 721632,  10.30,   1.73, 0
0, 721914,  10.32,   1.76, 0
0, 722196,  10.31,   1.81, 0
0, 722478,  10.32,   1.76, 0
0, 722760,  10.32,   1.78, 0
0, 723042,  10.32,   1.78, 0
0, 723324,  10.32,   1.78, 0
0, 723606,  10.32,   1.78, 0
0, 723888,  10.31,   1.78, 0
0, 724170,  10.31,   1.75, 0
0, 724452,  10.28,   1.73, 0
0, 724734,  10.30,   1.78, 0
0, 725016,  10.30,   1.76, 0
0, 725298,  10.31,   1.74, 0
0, 725580,  10.32,   1.78, 0
0, 725862,  10.31,   1.76, 0
0, 726144,  10.32,   1.80, 0
0, 726426,  10.31,   1.76, 0
0, 726708,  10.31,   1.77, 0
0, 726990,  10.30,   1.80, 0
0, 727272,  10.30,   1.77, 0
0, 727554,  10.31,   1.79, 0
0, 727836,  10.31,   1.75, 0
0, 728118,  10.31,   1.77, 0
0, 728400,  10.31,   1.78, 0
0, 728682,  10.29,   1.72, 0
0, 728964,  10.36,   1.91, 0
0, 729246,  10.31,   1.86, 0
0, 729528,  10.31,   1.80, 0
0, 729810,  10.30,   1.74, 0
0, 730092,  10.32,   1.75, 0
0, 730374,  10.29,   1.76, 0
0, 730656,  10.30,   1.81, 0
0, 730938,  10.31,   1.83, 0
0, 731220,  10.30,   1.78, 0
0, 731502,  10.30,   1.73, 0
0, 731784,  10.30,   1.77, 0
0, 732066,  10.32,   1.77, 0
0, 732348,  10.31,   1.79, 0
0, 732630,  10.30,   1.78, 0
0, 732912,  10.29,   1.75, 0
0, 733194,  10.31,   1.79, 0
0, 733476,  10.33,   1.78, 0
0, 733758,  10.32,   1.78, 0
0, 734040,  10.31,   1.74, 0
0, 734322,  10.31,   1.75, 0
0, 734604,  10.25,   1.75, 0
0, 734886,  10.26,   1.81, 0
0, 735168,  10.31,   1.75, 0
0, 735450,  10.30,   1.75, 0
0, 735732,  10.30,   1.80, 0
0, 736014,  10.29,   1.75, 0
0, 736296,  10.29,   1.76, 0
0, 736578,  10.29,   1.80, 0
0, 736860,  10.30,   1.75, 0
0, 737142,  10.30,   1.74, 0
0, 737424,  10.31,   1.74, 0
0, 737706,  10.30,   1.74, 0
0, 737988,  10.31,   1.77, 0
0, 738270,  10.31,   1.77, 0
0, 738552,  10.30,   1.77, 0
0, 738834,  10.34,   1.74, 0
0, 739116,  10.30,   1.67, 0
0, 739398,  10.32,   1.84, 0
0, 739680,  10.31,   1.75, 0
0, 739962,  10.30,   1.76, 0
0, 740244,  10.30,   1.77, 0
0, 740526,  10.31,   1.79, 0
0, 740808,  10.37,   1.82, 0
0, 741090,  10.33,   1.70, 0
0, 741372,  10.30,   1.79, 0
0, 741654,  10.32,   1.81, 0
0, 741936,  10.30,   1.84, 0
0, 742218,  10.26,   1.82, 0
0, 742500,  10.29,   1.81, 0
0, 742782,  10.30,   1.95, 0
0, 743064,  10.32,   1.82, 0
0, 743346,  10.31,   1.74, 0
0, 743628,  10.32,   1.77, 0
0, 743910,  10.21,   1.76, 0
0, 744192,  10.36,   1.89, 0
0, 744474,  10.28,   1.81, 0
0, 744756,  10.27,   1.67, 0
0, 745038,  10.79,   2.20, 0
0, 745320,  10.38,   1.91, 0
0, 745602,  10.28,   1.77, 0
0, 745884,  10.28,   1.76, 0
0, 746166,  10.29,   1.84, 0
0, 746448,  10.30,   1.80, 0
0, 746730,  10.30,   1.77, 0
0, 747012,  10.29,   1.74, 0
0, 747294,  10.30,   1.78, 0
0, 747576,  10.30,   1.83, 0
0, 747858,  10.26,   1.76, 0
0, 748140,  10.28,   1.72, 0
0, 748422,  10.30,   1.76, 0
0, 748704,  10.32,   1.75, 0
0, 748986,  10.33,   1.89, 0
0, 749268,  10.30,   1.78, 0
0, 749550,  10.31,   1.78, 0
0, 749832,  10.32,   1.81, 0
0, 750114,  10.31,   1.78, 0
0, 750396,  10.31,   1.73, 0
0, 750678,  10.29,   1.79, 0
0, 750960,  10.32,   1.80, 0
0, 751242,  10.32,   1.78, 0
0, 751524,  10.31,   1.76, 0
0, 751806,  10.32,   1.80, 0
0, 752088,  10.31,   1.80, 0
0, 752370,  10.31,   1.82, 0
0, 752652,  10.31,   1.82, 0
0, 752934,  10.31,   1.78, 0
0, 753216,  10.31,   1.78, 0
0, 753498,  10.29,   1.79, 0
0, 753780,  10.32,   1.78, 0
0, 754062,  10.31,   1.80, 0
0, 754344,  10.32,   1.79, 0
0, 754626,  10.31,   1.79, 0
0, 754908,  10.31,   1.78, 0
0, 755190,  10.31,   1.76, 0
0, 755472,  10.32,   1.80, 0
0, 755754,  10.32,   1.78, 0
0, 756036,  10.31,   1.80, 0
0, 756318,  10.31,   1.80, 0
0, 756600,  10.30,   1.78, 0
0, 756882,  10.31,   1.76, 0
0, 757164,  10.31,   1.80, 0
0, 757446,  10.31,   1.75, 0
0, 757728,  10.31,   1.73, 0
0, 758010,  10.31,   1.81, 0
0, 758292,  10.31,   1.85, 0
0, 758574,  10.30,   1.77, 0
0, 758856,  10.31,   1.77, 0
0, 759138,  10.31,   1.78, 0
0, 759420,  10.32,   1.74, 0
0, 759702,  10.32,   1.86, 0
0, 759984,  10.29,   1.78, 0
0, 760266,  10.30,   1.77, 0
0, 760548,  10.32,   1.78, 0
0, 760830,  10.29,   1.79, 0
0, 761112,  10.31,   1.76, 0
0, 761394,  10.32,   1.78, 0
0, 761676,  10.30,   1.74, 0
0, 761958,  10.30,   1.74, 0
0, 762240,  10.32,   1.79, 0
0, 762522,  10.31,   1.77, 0
0, 762804,  10.32,   1.76, 0
0, 763086,  10.32,   1.77, 0
0, 763368,  10.32,   1.81, 0
0, 763650,  10.31,   1.79, 0
0, 763932,  10.31,   1.79, 0
0, 764214,  10.32,   1.82, 0
0, 764496,  10.30,   1.76, 0
0, 764778,  10.31,   1.75, 0
0, 765060,  10.34,   1.77, 0
0, 765342,  10.32,   1.75, 0
0, 765624,  10.32,   1.78, 0
0, 765906,  10.32,   1.77, 0
0, 766188,  10.33,   1.76, 0
0, 766470,  10.31,   1.74, 0
0, 766752,  10.32,   1.78, 0
0, 767034,  10.30,   1.75, 0
0, 767316,  10.33,   1.81, 0
0, 767598,  10.30,   1.79, 0
0, 767880,  10.31,   1.76, 0
0, 768162,  10.30,   1.77, 0
0, 768444,  10.30,   1.77, 0
0, 768726,  10.30,   1.77, 0
0, 769008,  10.32,   1.77, 0
0, 769290,  10.31,   1.76, 0
0, 769572,  10.30,   1.78, 0
0, 769854,  10.31,   1.75, 0
0, 770136,  10.31,   1.78, 0
0, 770418,  10.31,   1.76, 0
0, 770700,  10.31,   1.77, 0
0, 770982,  10.29,   1.68, 0
0, 771264,  10.29,   1.77, 0
0, 771546,  10.31,   2.02, 0
0, 771828,  10.32,   1.87, 0
0, 772110,  10.33,   1.74, 0
0, 772392,  10.35,   1.90, 0
0, 772674,  10.32,   1.79, 0
0, 772956,  10.31,   1.75, 0
0, 773238,  10.31,   1.79, 0
0, 773520,  10.31,   1.78, 0
0, 773802,  10.32,   1.77, 0
0, 774084,  10.31,   1.77, 0
0, 774366,  10.31,   1.82, 0
0, 774648,  10.33,   1.77, 0
0, 774930,  10.31,   1.75, 0
0, 775212,  10.33,   1.73, 0
0, 775494,  10.34,   1.80, 0
0, 775776,  10.31,   1.67, 0
0, 776058,  10.31,   1.60, 0
0, 776340,  10.34,   1.67, 0
0, 776622,  10.33,   1.73, 0
0, 776904,  10.34,   1.78, 0
0, 777186,  10.35,   1.84, 0
0, 777468,  10.33,   1.79, 0
0, 777750,  10.32,   1.77, 0
0, 778032,  10.31,   1.75, 0
0, 778314,  10.32,   1.81, 0
0, 778596,  10.32,   1.77, 0
0, 778878,  10.31,   1.79, 0
0, 779160,  10.29,   1.74, 0
0, 779442,  10.32,   1.77, 0
0, 779724,  10.30,   1.75, 0
0, 780006,  10.30,   1.77, 0
0, 780288,  10.31,   1.70, 0
0, 780570,  10.30,   1.76, 0
0, 780852,  10.30,   1.75, 0
0, 781134,  10.32,   1.76, 0
0, 781416,  10.31,   1.75, 0
0, 781698,  10.31,   1.72, 0
0, 781980,  10.32,   1.73, 0
0, 782262,  10.31,   1.73, 0
0, 782544,  10.29,   1.74, 0
0, 782826,  10.31,   1.80, 0
0, 783108,  10.31,   1.80, 0
0, 783390,  10.31,   1.78, 0
0, 783672,  10.32,   1.76, 0
0, 783954,  10.31,   1.75, 0
0, 784236,  10.31,   1.76, 0
0, 784518,  10.31,   1.77, 0
0, 784800,  10.32,   1.75, 0
0, 785082,  10.31,   1.73, 0
0, 785364,  10.31,   1.77, 0
0, 785646,  10.31,   1.81, 0
0, 785928,  10.31,   1.73, 0
0, 786210,  10.30,   1.70, 0
0, 786492,  10.31,   1.71, 0
0, 786774,  10.31,   1.78, 0
0, 787056,  10.30,   1.74, 0
0, 787338,  10.29,   1.75, 0
0, 787620,  10.33,   1.78, 0
0, 787902,  10.31,   1.85, 0
0, 788184,  10.30,   1.80, 0
0, 788466,  10.30,   1.73, 0
0, 788748,  10.32,   1.74, 0
0, 789030,  10.31,   1.78, 0
0, 789312,  10.30,   1.74, 0
0, 789594,  10.31,   1.78, 0
0, 789876,  10.31,   1.77, 0
0, 790158,  10.33,   1.78, 0
0, 790440,  10.32,   1.75, 0
0, 790722,  10.26,   1.68, 0
0, 791004,  10.31,   1.82, 0
0, 791286,  10.35,   1.80, 0
0, 791568,  10.31,   1.79, 0
0, 791850,  10.31,   1.78, 0
0, 792132,  10.30,   1.72, 0
0, 792414,  10.30,   1.73, 0
0, 792696,  10.32,   1.77, 0
0, 792978,  10.31,   1.80, 0
0, 793260,  10.31,   1.76, 0
0, 793542,  10.33,   1.84, 0
0, 793824,  10.31,   1.78, 0
0, 794106,  10.31,   1.76, 0
0, 794388,  10.34,   1.74, 0
0, 794670,  10.31,   1.79, 0
0, 794952,  10.31,   1.76, 0
0, 795234,  10.31,   1.79, 0
0, 795516,  10.32,   1.75, 0
0, 795798,  10.34,   1.78, 0
0, 796080,  10.32,   1.76, 0
0, 796362,  10.31,   1.78, 0
0, 796644,  10.31,   1.74, 0
0, 796926,  10.32,   1.76, 0
0, 797208,  10.31,   1.75, 0
0, 797490,  10.30,   1.74, 0
0, 797772,  10.30,   1.77, 0
0, 798054,  10.30,   1.78, 0
0, 798336,  10.31,   1.75, 0
0, 798618,  10.31,   1.76, 0
0, 798900,  10.31,   1.76, 0
0, 799182,  10.30,   1.72, 0
0, 799464,  10.31,   1.74, 0
0, 799746,  10.31,   1.71, 0
0, 800028,  10.29,   1.70, 0
0, 800310,  10.30,   1.77, 0
0, 800592,  10.30,   1.72, 0
0, 800874,  10.30,   1.74, 0
0, 801156,  10.30,   1.82, 0
0, 801438,  10.31,   1.77, 0
0, 801720,  10.28,   1.72, 0
0, 802002,  10.31,   1.74, 0
0, 802284,  10.30,   1.73, 0
0, 802566,  10.32,   1.76, 0
0, 802848,  10.31,   1.78, 0
0, 803130,  10.31,   1.75, 0
0, 803412,  10.32,   1.72, 0
0, 803694,  10.31,   1.76, 0
0, 803976,  10.30,   1.78, 0
0, 804258,  10.31,   1.75, 0
0, 804540,  10.30,   1.73, 0
0, 804822,  10.33,   1.80, 0
0, 805104,  10.32,   1.78, 0
0, 805386,  10.31,   1.74, 0
0, 805668,  10.23,   1.50, 0
0, 805950,  10.28,   1.84, 0
0, 806232,  10.32,   1.71, 0
0, 806514,  10.37,  17.72, 0
0, 806797,  10.31,   1.90, 0
0, 807079,  10.29,   1.70, 0
0, 807361,  10.29,   1.76, 0
0, 807643,  10.34,   1.72, 0
0, 807925,  10.30,   1.71, 0
0, 808207,  10.31,   1.76, 0
0, 808489,  10.32,   1.71, 0
0, 808771,  10.31,   1.75, 0
0, 809053,  10.29,   1.69, 0
0, 809335,  10.31,   1.74, 0
0, 809617,  10.32,   1.76, 0
0, 809899,  10.31,   1.80, 0
0, 810181,  10.31,   1.68, 0
0, 810463,  10.26,   1.71, 0
0, 810745,  10.33,   1.89, 0
0, 811027,  10.30,   1.79, 0
0, 811309,  10.30,   1.76, 0
0, 811591,  10.32,   1.79, 0
0, 811873,  10.30,   1.75, 0
0, 812155,  10.32,   1.77, 0
0, 812437,  10.30,   1.73, 0
0, 812719,  10.33,   1.76, 0
0, 813001,  10.35,   1.77, 0
0, 813283,  10.31,   1.76, 0
0, 813565,  10.31,   1.75, 0
0, 813847,  10.34,   1.73, 0
0, 814129,  10.33,   1.76, 0
0, 814411,  10.33,   1.76, 0
0, 814693,  10.30,   1.78, 0
0, 814975,  10.30,   1.76, 0
0, 815257,  10.30,   1.74, 0
0, 815539,  10.30,   1.77, 0
0, 815821,  10.29,   1.76, 0
0, 816103,  10.30,   1.74, 0
0, 816385,  10.31,   1.75, 0
0, 816667,  10.32,   1.78, 0
0, 816949,  10.31,   1.76, 0
0, 817231,  10.32,   1.69, 0
0, 817513,  10.32,   1.69, 0
0, 817795,  10.29,   1.78, 0
0, 818077,  10.28,   1.75, 0
0, 818359,  10.32,   1.73, 0
0, 818641,  10.31,   1.75, 0
0, 818923,  10.31,   1.76, 0
0, 819205,  10.33,   1.74, 0
0, 819487,  10.33,   1.79, 0
0, 819769,  10.30,   1.81, 0
0, 820051,  10.35,   1.71, 0
0, 820333,  10.29,   1.59, 0
0, 820615,  10.35,   2.21, 0
0, 820897,  10.29,   2.11, 0
0, 821179,  10.32,   1.83, 0
0, 821461,  10.29,   1.72, 0
0, 821743,  10.34,   1.80, 0
0, 822025,  10.36,   1.85, 0
0, 822307,  10.31,   1.81, 0
0, 822589,  10.31,   1.81, 0
0, 822871,  10.30,   1.74, 0
0, 823153,  10.31,   1.77, 0
0, 823435,  10.31,   1.75, 0
0, 823717,  10.31,   1.74, 0
0, 823999,  10.31,   1.76, 0
0, 824281,  10.30,   1.78, 0
0, 824563,  10.30,   1.75, 0
0, 824845,  10.31,   1.73, 0
0, 825127,  10.32,   1.72, 0
0, 825409,  10.31,   1.77, 0
0, 825691,  10.36,   1.80, 0
0, 825973,  10.31,   1.75, 0
0, 826255,  10.27,   1.72, 0
0, 826537,  10.30,   1.72, 0
0, 826819,  10.32,   1.75, 0
0, 827101,  10.31,   1.76, 0
0, 827383,  10.29,   1.79, 0
0, 827665,  10.29,   1.75, 0
0, 827947,  10.31,   1.74, 0
0, 828229,  10.32,   1.76, 0
0, 828511,  10.30,   1.74, 0
0, 828793,  10.29,   1.79, 0
0, 829075,  10.30,   1.77, 0
0, 829357,  10.32,   1.74, 0
0, 829639,  10.32,   1.77, 0
0, 829921,  10.31,   1.76, 0
0, 830203,  10.30,   1.73, 0
0, 830485,  10.30,   1.78, 0
0, 830767,  10.31,   1.77, 0
0, 831049,  10.32,   1.77, 0
0, 831331,  10.32,   1.77, 0
0, 831613,  10.32,   1.79, 0
0, 831895,  10.31,   1.76, 0
0, 832177,  10.31,   1.77, 0
0, 832459,  10.30,   1.80, 0
0, 832741,  10.31,   1.75, 0
0, 833023,  10.32,   1.65, 0
0, 833305,  10.25,   1.65, 0
0, 833587,  10.31,   1.67, 0
0, 833869,  10.31,   1.70, 0
0, 834151,  10.31,   1.74, 0
0, 834433,  10.22,   2.01, 0
0, 834715,  10.31,   1.76, 0
0, 834997,  10.29,   1.76, 0
0, 835279,  10.30,   1.86, 0
0, 835561,  10.31,   1.84, 0
0, 835843,  10.30,   1.71, 0
0, 836125,  10.33,   1.73, 0
0, 836407,  10.30,   1.78, 0
0, 836689,  10.31,   1.68, 0
0, 836971,  10.29,   1.78, 0
0, 837253,  10.30,   1.64, 0
0, 837535,  10.32,   1.74, 0
0, 837817,  10.32,   1.78, 0
0, 838099,  10.30,   1.78, 0
0, 838381,  10.31,   1.76, 0
0, 838663,  10.31,   1.74, 0
0, 838945,  10.31,   1.75, 0
0, 839227,  10.32,   1.76, 0
0, 839509,  10.31,   1.73, 0
0, 839791,  10.31,   1.75, 0
0, 840073,  10.31,   1.72, 0
0, 840355,  10.31,   1.74, 0
0, 840637,  10.31,   1.74, 0
0, 840919,  10.29,   1.73, 0
0, 841201,  10.29,   1.76, 0
0, 841483,  10.33,   1.80, 0
0, 841765,  10.31,   1.74, 0
0, 842047,  10.32,   1.75, 0
0, 842329,  10.30,   1.71, 0
0, 842611,  10.31,   1.78, 0
0, 842893,  10.32,   1.75, 0
0, 843175,  10.33,   1.74, 0
0, 843457,  10.31,   1.76, 0
0, 843739,  10.31,   1.73, 0
0, 844021,  10.30,   1.74, 0
0, 844303,  10.31,   1.76, 0
0, 844585,  10.30,   1.76, 0
0, 844867,  10.32,   1.73, 0
0, 845149,  10.32,   1.73, 0
0, 845431,  10.31,   1.75, 0
0, 845713,  10.31,   1.74, 0
0, 845995,  10.31,   1.79, 0
0, 846277,  10.30,   1.82, 0
0, 846559,  10.32,   1.73, 0
0, 846841,  10.32,   1.74, 0
0, 847123,  10.31,   1.77, 0
0, 847405,  10.30,   1.77, 0
0, 847687,  10.30,   1.75, 0
0, 847969,  10.31,   1.73, 0
0, 848251,  10.32,   1.75, 0
0, 848533,  10.31,   1.77, 0
0, 848815,  10.30,   1.79, 0
0, 849097,  10.31,   1.70, 0
0, 849379,  10.31,   1.73, 0
0, 849661,  10.30,   1.77, 0
0, 849943,  10.31,   1.78, 0
0, 850225,  10.31,   1.76, 0
0, 850507,  10.31,   1.75, 0
0, 850789,  10.31,   1.75, 0
0, 851071,  10.30,   1.74, 0
0, 851353,  10.32,   1.77, 0
0, 851635,  10.32,   1.79, 0
0, 851917,  10.32,   1.73, 0
0, 852199,  10.32,   1.76, 0
0, 852481,  10.31,   1.73, 0
0, 852763,  10.32,   1.78, 0
0, 853045,  10.33,   1.79, 0
0, 853327,  10.30,   1.71, 0
0, 853609,  10.31,   1.78, 0
0, 853891,  10.33,   1.78, 0
0, 854173,  10.29,   1.75, 0
0, 854455,  10.32,   1.77, 0
0, 854737,  10.31,   1.75, 0
0, 855019,  10.33,   1.77, 0
0, 855301,  10.33,   1.78, 0
0, 855583,  10.31,   1.75, 0
0, 855865,  10.31,   1.77, 0
0, 856147,  10.31,   1.76, 0
0, 856429,  10.30,   1.77, 0
0, 856711,  10.32,   1.75, 0
0, 856993,  10.32,   1.77, 0
0, 857275,  10.30,   1.75, 0
0, 857557,  10.31,   1.76, 0
0, 857839,  10.31,   1.76, 0
0, 858121,  10.32,   1.76, 0
0, 858403,  10.29,   1.75, 0
0, 858685,  10.30,   1.75, 0
0, 858967,  10.31,   1.76, 0
0, 859249,  10.29,   1.76, 0
0, 859531,  10.31,   1.74, 0
0, 859813,  10.32,   1.77, 0
0, 860095,  10.31,   1.75, 0
0, 860377,  10.32,   1.76, 0
0, 860659,  10.31,   1.76, 0
0, 860941,  10.31,   1.74, 0
0, 861223,  10.31,   1.74, 0
0, 861505,  10.32,   1.76, 0
0, 861787,  10.31,   1.73, 0
0, 862069,  10.32,   1.73, 0
0, 862351,  10.32,   1.76, 0
0, 862633,  10.29,   1.75, 0
0, 862915,  10.29,   1.75, 0
0, 863197,  10.33,   1.77, 0
0, 863479,  10.32,   1.74, 0
0, 863761,  10.31,   1.73, 0
0, 864043,  10.30,   1.76, 0
0, 864325,  10.31,   1.76, 0
0, 864607,  10.30,   1.75, 0
0, 864889,  10.32,   1.71, 0
0, 865171,  10.32,   1.78, 0
0, 865453,  10.31,   1.76, 0
0, 865735,  10.32,   1.73, 0
0, 866017,  10.30,   1.75, 0
0, 866299,  10.31,   1.76, 0
0, 866581,  10.31,   1.76, 0
0, 866863,  10.31,   1.75, 0
0, 867145,  10.30,   1.79, 0
0, 867427,  10.31,   1.72, 0
0, 867709,  10.32,   1.76, 0
0, 867991,  10.31,   1.75, 0
0, 868273,  10.31,   1.76, 0
0, 868555,  10.31,   1.76, 0
0, 868837,  10.30,   1.76, 0
0, 869119,  10.29,   1.78, 0
0, 869401,  10.31,   1.78, 0
0, 869683,  10.31,   1.74, 0
0, 869965,  10.31,   1.76, 0
0, 870247,  10.31,   1.75, 0
0, 870529,  10.31,   1.76, 0
0, 870811,  10.31,   1.76, 0
0, 871093,  10.31,   1.74, 0
0, 871375,  10.31,   1.77, 0
0, 871657,  10.31,   1.76, 0
0, 871939,  10.31,   1.79, 0
0, 872221,  10.31,   1.74, 0
0, 872503,  10.31,   1.76, 0
0, 872785,  10.31,   1.79, 0
0, 873067,  10.33,   1.77, 0
0, 873349,  10.32,   1.78, 0
0, 873631,  10.31,   1.77, 0
0, 873913,  10.31,   1.74, 0
0, 874195,  10.32,   1.76, 0
0, 874477,  10.32,   1.79, 0
0, 874759,  10.30,   1.76, 0
0, 875041,  10.31,   1.75, 0
0, 875323,  10.32,   1.75, 0
0, 875605,  10.31,   1.76, 0
0, 875887,  10.30,   1.75, 0
0, 876169,  10.31,   1.75, 0
0, 876451,  10.31,   1.75, 0
0, 876733,  10.32,   1.73, 0
0, 877015,  10.30,   1.75, 0
0, 877297,  10.32,   1.76, 0
0, 877579,  10.32,   1.76, 0
0, 877861,  10.31,   1.74, 0
0, 878143,  10.30,   1.72, 0
0, 878425,  10.31,   1.74, 0
0, 878707,  10.32,   1.76, 0
0, 878989,  10.30,   1.74, 0
0, 879271,  10.31,   1.77, 0
0, 879553,  10.32,   1.78, 0
0, 879835,  10.31,   1.77, 0
0, 880117,  10.32,   1.76, 0
0, 880399,  10.31,   1.76, 0
0, 880681,  10.30,   1.75, 0
0, 880963,  10.31,   1.78, 0
0, 881245,  10.31,   1.77, 0
0, 881527,  10.31,   1.72, 0
0, 881809,  10.30,   1.75, 0
0, 882091,  10.31,   1.76, 0
0, 882373,  10.30,   1.67, 0
0, 882655,  10.31,   1.75, 0
0, 882937,  10.32,   1.78, 0
0, 883219,  10.32,   1.77, 0
0, 883501,  10.31,   1.78, 0
0, 883783,  10.31,   1.78, 0
0, 884065,  10.31,   1.76, 0
0, 884347,  10.31,   1.76, 0
0, 884629,  10.31,   1.77, 0
0, 884911,  10.31,   1.78, 0
0, 885193,  10.31,   1.75, 0
0, 885475,  10.32,   1.73, 0
0, 885757,  10.31,   1.72, 0
0, 886039,  10.31,   1.77, 0
0, 886321,  10.31,   1.78, 0
0, 886603,  10.32,   1.73, 0
0, 886885,  10.31,   1.74, 0
0, 887167,  10.32,   1.74, 0
0, 887449,  10.31,   1.76, 0
0, 887731,  10.31,   1.76, 0
0, 888013,  10.31,   1.75, 0
0, 888295,  10.30,   1.72, 0
0, 888577,  10.32,   1.76, 0
0, 888859,  10.30,   1.76, 0
0, 889141,  10.32,   1.78, 0
0, 889423,  10.32,   1.77, 0
0, 889705,  10.30,   1.75, 0
0, 889987,  10.30,   1.72, 0
0, 890269,  10.31,   1.76, 0
0, 890551,  10.32,   1.78, 0
0, 890833,  10.32,   1.74, 0
0, 891115,  10.32,   1.78, 0
0, 891397,  10.31,   1.79, 0
0, 891679,  10.33,   1.76, 0
0, 891961,  10.33,   1.77, 0
0, 892243,  10.31,   1.77, 0
0, 892525,  10.30,   1.74, 0
0, 892807,  10.30,   1.74, 0
0, 893089,  10.35,   1.44, 0
0, 893371,  10.35,   1.76, 0
0, 893653,  10.15,   1.51, 0
0, 893935,  10.34,   1.89, 0
0, 894217,  10.28,   1.81, 0
0, 894499,  10.30,   1.78, 0
0, 894781,  10.34,   1.76, 0
0, 895063,  10.29,   1.77, 0
0, 895345,  10.31,   1.75, 0
0, 895627,  10.31,   1.76, 0
0, 895909,  10.31,   1.72, 0
0, 896191,  10.33,   1.75, 0
0, 896473,  10.32,   1.78, 0
0, 896755,  10.31,   1.77, 0
0, 897037,  10.32,   1.78, 0
0, 897319,  10.32,   1.77, 0
0, 897601,  10.31,   1.74, 0
0, 897883,  10.32,   1.75, 0
0, 898165,  10.31,   1.75, 0
0, 898447,  10.33,   1.77, 0
0, 898729,  10.31,   1.77, 0
0, 899011,  10.31,   1.75, 0
0, 899293,  10.31,   1.75, 0
0, 899575,  10.32,   1.74, 0
0, 899857,  10.31,   1.75, 0
0, 900139,  10.32,   1.76, 0
0, 900421,  10.43,   1.78, 0
0, 900703,  10.31,   1.77, 0
0, 900985,  10.26,   2.15, 0
0, 901267,  10.25,   1.91, 0
0, 901549,  10.33,   1.75, 0
0, 901831,  10.30,   1.77, 0
0, 902113,  10.32,   1.78, 0
0, 902395,  10.32,   1.78, 0
0, 902677,  10.31,   1.81, 0
0, 902959,  10.31,   1.79, 0
0, 903241,  10.32,   1.75, 0
0, 903523,  10.32,   1.77, 0
0, 903805,  10.31,   1.77, 0
0, 904087,  10.31,   1.73, 0
0, 904369,  10.31,   1.78, 0
0, 904651,  10.31,   1.77, 0
0, 904933,  10.31,   1.74, 0
0, 905215,  10.30,   1.75, 0
0, 905497,  10.33,   1.75, 0
0, 905779,  10.33,   1.74, 0
0, 906061,  10.32,   1.76, 0
0, 906343,  10.31,   1.78, 0
0, 906625,  10.30,   1.78, 0
0, 906907,  10.30,   1.80, 0
0, 907189,  10.30,   1.74, 0
0, 907471,  10.31,   1.77, 0
0, 907753,  10.30,   1.76, 0
0, 908035,  10.31,   1.76, 0
0, 908317,  10.31,   1.73, 0
0, 908599,  10.31,   1.74, 0
0, 908881,  10.31,   1.76, 0
0, 909163,  10.30,   1.76, 0
0, 909445,  10.30,   1.75, 0
0, 909727,  10.31,   1.74, 0
0, 910009,  10.30,   1.75, 0
0, 910291,  10.30,   1.74, 0
0, 910573,  10.32,   1.74, 0
0, 910855,  10.31,   1.75, 0
0, 911137,  10.33,   1.79, 0
0, 911419,  10.31,   1.77, 0
0, 911701,  10.31,   1.76, 0
0, 911983,  10.32,   1.75, 0
0, 912265,  10.31,   1.75, 0
0, 912547,  10.31,   1.78, 0
0, 912829,  10.29,   1.62, 0
0, 913111,  10.32,   1.69, 0
0, 913393,  10.35,   1.87, 0
0, 913675,  10.28,   1.53, 0
0, 913957,  10.31,   1.73, 0
0, 914239,  10.33,   1.91, 0
0, 914521,  10.41,   2.03, 0
0, 914803,  10.37,   1.89, 0
0, 915085,  10.30,   1.76, 0
0, 915367,  10.30,   1.68, 0
0, 915649,  10.31,   1.74, 0
0, 915931,  10.33,   1.76, 0
0, 916213,  10.33,   1.72, 0
0, 916495,  10.31,   1.77, 0
0, 916777,  10.45,   1.80, 0
0, 917059,  10.31,   1.75, 0
0, 917341,  10.31,   1.76, 0
0, 917623,  10.31,   1.75, 0
0, 917905,  10.32,   1.77, 0
0, 918187,  10.32,   1.77, 0
0, 918469,  10.33,   1.80, 0
0, 918751,  10.30,   1.86, 0
0, 919033,  10.28,   1.72, 0
0, 919315,  10.31,   1.78, 0
0, 919597,  10.31,   1.77, 0
0, 919879,  10.27,   1.75, 0
0, 920161,  10.31,   1.82, 0
0, 920443,  10.33,   1.76, 0
0, 920725,  10.34,   1.77, 0
0, 921007,  10.30,   1.73, 0
0, 921289,  10.31,   1.78, 0
0, 921571,  10.29,   1.69, 0
0, 921853,  10.26,   1.48, 0
0, 922135,  10.32,   1.73, 0
0, 922417,  10.32,   1.83, 0
0, 922699,  10.32,   1.74, 0
0, 922981,  10.32,   1.69, 0
0, 923263,  10.31,   1.75, 0
0, 923545,  10.30,   1.75, 0
0, 923827,  10.33,   1.71, 0
0, 924109,  10.31,   1.76, 0
0, 924391,  10.30,   1.75, 0
0, 924673,  10.32,   1.77, 0
0, 924955,  10.30,   1.67, 0
0, 925237,  10.36,   1.54, 0
0, 925519,  10.31,   1.74, 0
0, 925801,  10.27,   1.97, 0
0, 926083,  10.34,   1.96, 0
0, 926365,  10.30,   1.77, 0
0, 926647,  10.29,   1.78, 0
0, 926929,  10.33,   1.81, 0
0, 927211,  10.31,   1.76, 0
0, 927493,  10.32,   1.76, 0
0, 927775,  10.31,   1.76, 0
0, 928057,  10.31,   1.71, 0
0, 928339,  10.31,   1.75, 0
0, 928621,  10.31,   1.79, 0
0, 928903,  10.32,   1.78, 0
0, 929185,  10.30,   1.71, 0
0, 929467,  10.31,   1.74, 0
0, 929749,  10.32,   1.83, 0
0, 930031,  10.32,   1.76, 0
0, 930313,  10.34,   1.73, 0
0, 930595,  10.31,   1.76, 0
0, 930877,  10.31,   1.77, 0
0, 931159,  10.31,   1.73, 0
0, 931441,  10.32,   1.76, 0
0, 931723,  10.30,   1.77, 0
0, 932005,  10.31,   1.74, 0
0, 932287,  10.31,   1.74, 0
0, 932569,  10.31,   1.73, 0
0, 932851,  10.30,   1.77, 0
0, 933133,  10.32,   1.74, 0
0, 933415,  10.28,   1.48, 0
0, 933697,  10.39,   2.14, 0
0, 933979,  10.29,   1.86, 0
0, 934261,  10.33,   1.80, 0
0, 934543,  10.33,   1.83, 0
0, 934825,  10.31,   1.85, 0
0, 935107,  10.30,   1.80, 0
0, 935389,  10.30,   1.76, 0
0, 935671,  10.30,   1.76, 0
0, 935953,  10.31,   1.77, 0
0, 936235,  10.28,   1.90, 0
0, 936517,  10.30,   1.64, 0
0, 936799,  10.31,   1.78, 0
0, 937081,  10.32,   1.78, 0
0, 937363,  10.29,   1.82, 0
0, 937645,  10.31,   1.77, 0
0, 937927,  10.31,   1.71, 0
0, 938209,  10.29,   1.87, 0
0, 938491,  10.31,   1.80, 0
0, 938773,  10.29,   1.78, 0
0, 939055,  10.33,   1.80, 0
0, 939337,  10.34,   1.73, 0
0, 939619,  10.36,   1.83, 0
0, 939901,  10.32,   1.75, 0
0, 940183,  10.29,   1.78, 0
0, 940465,  10.35,   1.78, 0
0, 940747,  10.34,   1.79, 0
0, 941029,  10.31,   1.72, 0
0, 941311,  10.32,   1.79, 0
0, 941593,  10.33,   1.77, 0
0, 941875,  10.31,   1.75, 0
0, 942157,  10.30,   1.76, 0
0, 942439,  10.32,   1.72, 0
0, 942721,  10.29,   1.82, 0
0, 943003,  10.27,   1.77, 0
0, 943285,  10.33,   1.70, 0
0, 943567,  10.30,   1.83, 0
0, 943849,  10.32,   1.75, 0
0, 944131,  10.30,   1.72, 0
0, 944413,  10.31,   1.74, 0
0, 944695,  10.31,   1.77, 0
0, 944977,  10.30,   1.76, 0
0, 945259,  10.31,   1.77, 0
0, 945541,  10.31,   1.76, 0
0, 945823,  10.32,   1.71, 0
0, 946105,  10.30,   1.73, 0
0, 946387,  10.31,   1.76, 0
0, 946669,  10.33,   1.69, 0
0, 946951,  10.28,   1.75, 0
0, 947233,  10.30,   1.78, 0
0, 947515,  10.31,   1.72, 0
0, 947797,  10.30,   1.78, 0
0, 948079,  10.33,   1.69, 0
0, 948361,  10.30,   1.99, 0
0, 948643,  10.29,   1.74, 0
0, 948925,  10.30,   1.73, 0
0, 949207,  10.31,   1.75, 0
0, 949489,  10.32,   1.77, 0
0, 949771,  10.32,   1.75, 0
0, 950053,  10.31,   1.73, 0
0, 950335,  10.30,   1.68, 0
0, 950617,  10.29,   1.73, 0
0, 950899,  10.31,   1.79, 0
0, 951181,  10.31,   1.75, 0
0, 951463,  10.32,   1.73, 0
0, 951745,  10.32,   1.77, 0
0, 952027,  10.34,   1.79, 0
0, 952309,  10.33,   1.69, 0
0, 952591,  10.30,   1.77, 0
0, 952873,  10.30,   1.74, 0
0, 953155,  10.32,   1.77, 0
0, 953437,  10.33,   1.78, 0
0, 953719,  10.31,   1.75, 0
0, 954001,  10.32,   1.79, 0
0, 954283,  10.32,   1.71, 0
0, 954565,  10.30,   1.75, 0
0, 954847,  10.32,   1.74, 0
0, 955129,  10.28,   1.81, 0
0, 955411,  10.31,   1.73, 0
0, 955693,  10.37,   1.70, 0
0, 955975,  10.31,   1.80, 0
0, 956257,  10.30,   1.82, 0
0, 956539,  10.32,   1.75, 0
0, 956821,  10.32,   1.74, 0
0, 957103,  10.34,   1.67, 0
0, 957385,  10.29,   1.81, 0
0, 957667,  10.31,   1.81, 0
0, 957949,  10.30,   1.74, 0
0, 958231,  10.31,   1.75, 0
0, 958513,  10.29,   1.76, 0
0, 958795,  10.35,   1.84, 0
0, 959077,  10.30,   1.76, 0
0, 959359,  10.31,   1.76, 0
0, 959641,  10.30,   1.76, 0
0, 959923,  10.31,   1.75, 0
0, 960205,  10.36,   1.68, 0
0, 960487,  10.30,   1.73, 0
0, 960769,  10.31,   1.77, 0
0, 961051,  10.30,   1.74, 0
0, 961333,  10.32,   1.77, 0
0, 961615,  10.32,   1.75, 0
0, 961897,  10.31,   1.75, 0
0, 962179,  10.32,   1.80, 0
0, 962461,  10.31,   1.74, 0
0, 962743,  10.31,   1.77, 0
0, 963025,  10.30,   1.74, 0
0, 963307,  10.33,   1.77, 0
0, 963589,  10.29,   1.73, 0
0, 963871,  10.33,   1.80, 0
0, 964153,  10.32,   1.75, 0
0, 964435,  10.33,   1.75, 0
0, 964717,  10.33,   1.75, 0
0, 964999,  10.32,   1.74, 0
0, 965281,  10.33,   1.76, 0
0, 965563,  10.31,   1.77, 0
0, 965845,  10.32,   1.73, 0
0, 966127,  10.32,   1.75, 0
0, 966409,  10.31,   1.77, 0
0, 966691,  10.33,   1.74, 0
0, 966973,  10.33,   1.74, 0
0, 967255,  10.32,   1.80, 0
0, 967537,  10.28,   1.75, 0
0, 967819,  10.34,   1.73, 0
0, 968101,  10.31,   1.75, 0
0, 968383,  10.31,   1.76, 0
0, 968665,  10.33,   1.79, 0
0, 968947,  10.31,   1.75, 0
0, 969229,  10.31,   1.76, 0
0, 969511,  10.30,   1.71, 0
0, 969793,  10.32,   1.70, 0
0, 970075,  10.30,   1.69, 0
0, 970357,  10.31,   1.76, 0
0, 970639,  10.29,   1.72, 0
0, 970921,  10.31,   1.80, 0
0, 971203,  10.34,   1.66, 0
0, 971485,  10.32,   1.76, 0
0, 971767,  10.31,   1.78, 0
0, 972049,  10.25,   1.65, 0
0, 972331,  10.30,   1.74, 0
0, 972613,  10.31,   1.75, 0
0, 972895,  10.34,   1.78, 0
0, 973177,  10.29,   1.71, 0
0, 973459,  10.30,   1.69, 0
0, 973741,  10.32,   1.79, 0
0, 974023,  10.32,   1.80, 0
0, 974305,  10.39,   1.76, 0
0, 974587,  10.35,   1.68, 0
0, 974869,  10.30,   1.79, 0
0, 975151,  10.29,   1.77, 0
0, 975433,  10.33,   1.78, 0
0, 975715,  10.30,   1.80, 0
0, 975997,  10.37,   1.74, 0
0, 976279,  10.31,   1.79, 0
0, 976561,  10.31,   1.78, 0
0, 976843,  10.30,   1.77, 0
0, 977125,  10.29,   1.76, 0
0, 977407,  10.31,   1.79, 0
0, 977689,  10.28,   1.75, 0
0, 977971,  10.33,   1.68, 0
0, 978253,  10.30,   1.77, 0
0, 978535,  10.30,   1.67, 0
0, 978817,  10.28,   1.77, 0
0, 979099,  10.29,   1.74, 0
0, 979381,  10.31,   1.77, 0
0, 979663,  10.28,   1.68, 0
0, 979945,  10.30,   1.80, 0
0, 980227,  10.29,   1.78, 0
0, 980509,  10.30,   1.67, 0
0, 980791,  10.35,   1.82, 0
0, 981073,  10.32,   1.89, 0
0, 981355,  10.34,   1.77, 0
0, 981637,  10.34,   1.79, 0
0, 981919,  10.30,   1.72, 0
0, 982201,  10.31,   1.77, 0
0, 982483,  10.31,   1.74, 0
0, 982765,  10.32,   1.77, 0
0, 983047,  10.30,   1.73, 0
0, 983329,  10.30,   1.70, 0
0, 983611,  10.22,   1.38, 0
0, 983893,  10.31,   1.73, 0
0, 984175,  10.25,   2.06, 0
0, 984457,  10.37,   1.87, 0
0, 984739,  10.31,   1.69, 0
0, 985021,  10.32,   1.72, 0
0, 985303,  10.31,   1.82, 0
0, 985585,  10.27,   1.74, 0
0, 985867,  10.33,   1.77, 0
0, 986149,  10.33,   1.78, 0
0, 986431,  10.34,   1.76, 0
0, 986713,  10.32,   1.76, 0
0, 986995,  10.29,   1.74, 0
0, 987277,  10.30,   1.76, 0
0, 987559,  10.33,   1.79, 0
0, 987841,  10.33,   1.73, 0
0, 988123,  10.33,   1.73, 0
0, 988405,  10.31,   1.78, 0
0, 988687,  10.30,   1.74, 0
0, 988969,  10.30,   1.78, 0
0, 989251,  10.29,   1.70, 0
0, 989533,  10.31,   1.77, 0
0, 989815,  10.37,   1.96, 0
0, 990097,  10.31,   1.72, 0
0, 990379,  10.30,   1.73, 0
0, 990661,  10.30,   1.62, 0
0, 990943,  10.31,   1.76, 0
0, 991225,  10.31,   1.77, 0
0, 991507,  10.31,   1.70, 0
0, 991789,  10.33,   1.78, 0
0, 992071,  10.31,   1.82, 0
0, 992353,  10.31,   1.70, 0
0, 992635,  10.32,   1.73, 0
0, 992917,  10.30,   1.67, 0
0, 993199,  10.31,   1.73, 0
0, 993481,  10.31,   1.73, 0
0, 993763,  10.28,   1.75, 0
0, 994045,  10.30,   1.70, 0
0, 994327,  10.32,   1.75, 0
0, 994609,  10.31,   1.78, 0
0, 994891,  10.30,   1.76, 0
0, 995173,  10.31,   1.72, 0
0, 995455,  10.30,   1.75, 0
0, 995737,  10.30,   1.75, 0
0, 996019,  10.32,   1.72, 0
0, 996301,  10.32,   1.77, 0
0, 996583,  10.32,   1.74, 0
0, 996865,  10.31,   1.73, 0
0, 997147,  10.32,   1.76, 0
0, 997429,  10.31,   1.74, 0
0, 997711,  10.31,   1.74, 0
0, 997993,  10.29,   1.76, 0
0, 998275,  10.30,   1.74, 0
0, 998557,  10.31,   1.74, 0
0, 998839,  10.31,   1.77, 0
0, 999121,  10.31,   1.76, 0
0, 999403,  10.30,   1.76, 0
0, 999685,  10.32,   1.76, 0
0, 999967,  10.32,   1.66, 0
0, 1000249,  10.30,   1.87, 0
0, 1000532,  10.28,   1.80, 0
0, 1000815,  10.31,   1.78, 0
0, 1001098,  10.29,   1.75, 0
0, 1001381,  10.28,   1.73, 0
0, 1001664,  10.30,   1.65, 0
0, 1001947,  10.29,   1.75, 0
0, 1002230,  10.32,   1.73, 0
0, 1002513,  10.32,   1.72, 0
0, 1002796,  10.34,   1.72, 0
0, 1003079,  10.32,   1.76, 0
0, 1003362,  10.30,   1.76, 0
0, 1003645,  10.31,   1.78, 0
0, 1003928,  10.33,   1.73, 0
0, 1004211,  10.29,   1.74, 0
0, 1004494,  10.39,   1.77, 0
0, 1004777,  10.30,   1.75, 0
0, 1005060,  10.30,   1.74, 0
0, 1005343,  10.31,   1.76, 0
0, 1005626,  10.32,   1.81, 0
0, 1005909,  10.33,   1.77, 0
0, 1006192,  10.32,   1.70, 0
0, 1006475,  10.31,   1.79, 0
0, 1006757,  10.29,   1.75, 0
0, 1007040,  10.31,   1.76, 0
0, 1007323,  10.32,   1.79, 0
0, 1007606,  10.31,   1.77, 0
0, 1007889,  10.30,   1.65, 0
0, 1008171,  10.31,   1.82, 0
0, 1008454,  10.28,   1.75, 0
0, 1008737,  10.30,   1.74, 0
0, 1009019,  10.31,   1.72, 0
0, 1009302,  10.31,   1.74, 0
0, 1009585,  10.32,   1.72, 0
0, 1009868,  10.31,   1.80, 0
0, 1010151,  10.29,   1.71, 0
0, 1010434,  10.32,   1.71, 0
0, 1010717,  10.30,   1.68, 0
0, 1011000,  10.30,   1.74, 0
0, 1011283,  10.28,   1.76, 0
0, 1011566,  10.34,   1.73, 0
0, 1011849,  10.32,   1.80, 0
0, 1012132,  10.32,   1.73, 0
0, 1012415,  10.32,   1.80, 0
0, 1012698,  10.28,   1.72, 0
0, 1012981,  10.29,   1.71, 0
0, 1013264,  10.31,   1.76, 0
0, 1013547,  10.28,   1.83, 0
0, 1013829,  10.32,   1.79, 0
0, 1014112,  10.36,   1.77, 0
0, 1014395,  10.27,   1.74, 0
0, 1014678,  10.33,   1.75, 0
0, 1014961,  10.32,   1.70, 0
0, 1015244,  10.33,   1.65, 0
0, 1015527,  10.36,   1.83, 0
0, 1015810,  10.32,   1.84, 0
0, 1016093,  10.31,   1.71, 0
0, 1016376,  10.33,   1.75, 0
0, 1016659,  10.32,   1.83, 0
0, 1016942,  10.32,   1.73, 0
0, 1017225,  10.28,   1.72, 0
0, 1017508,  10.30,   1.72, 0
0, 1017791,  10.32,   1.74, 0
0, 1018074,  10.32,   1.72, 0
0, 1018357,  10.32,   1.78, 0
0, 1018640,  10.31,   1.74, 0
0, 1018923,  10.30,   1.77, 0
0, 1019206,  10.30,   1.77, 0
0, 1019489,  10.32,   1.75, 0
0, 1019772,  10.32,   1.75, 0
0, 1020055,  10.32,   1.74, 0
0, 1020338,  10.32,   1.72, 0
0, 1020621,  10.34,   1.82, 0
0, 1020903,  10.32,   1.76, 0
0, 1021186,  10.30,   1.74, 0
0, 1021469,  10.32,   1.77, 0
0, 1021752,  10.34,   1.64, 0
0, 1022035,  10.30,   1.72, 0
0, 1022318,  10.33,   1.75, 0
0, 1022601,  10.31,   1.74, 0
0, 1022884,  10.31,   1.76, 0
0, 1023167,  10.30,   1.75, 0
0, 1023450,  10.30,   1.76, 0
0, 1023733,  10.28,   1.60, 0
0, 1024016,  10.37,   1.88, 0
0, 1024299,  10.32,   1.78, 0
0, 1024582,  10.31,   1.72, 0
0, 1024865,  10.34,   1.81, 0
0, 1025148,  10.32,   1.73, 0
0, 1025431,  10.30,   1.73, 0
0, 1025714,  10.32,   1.74, 0
0, 1025997,  10.31,   1.76, 0
0, 1026280,  10.31,   1.77, 0
0, 1026563,  10.32,   1.85, 0
0, 1026846,  10.34,   1.80, 0
0, 1027129,  10.29,   1.77, 0
0, 1027412,  10.34,   1.67, 0
0, 1027695,  10.29,   1.81, 0
0, 1027977,  10.33,   1.70, 0
0, 1028260,  10.32,   1.71, 0
0, 1028543,  10.26,   1.69, 0
0, 1028826,  10.30,   1.71, 0
0, 1029109,  10.31,   1.76, 0
0, 1029392,  10.32,   1.72, 0
0, 1029675,  10.31,   1.68, 0
0, 1029957,  10.32,   1.71, 0
0, 1030240,  10.32,   1.75, 0
0, 1030523,  10.31,   1.73, 0
0, 1030806,  10.29,   1.73, 0
0, 1031089,  10.31,   1.70, 0
0, 1031372,  10.33,   1.73, 0
0, 1031655,  10.32,   1.74, 0
0, 1031938,  10.31,   1.77, 0
0, 1032221,  10.30,   1.73, 0
0, 1032504,  10.30,   1.71, 0
0, 1032787,  10.32,   1.78, 0
0, 1033070,  10.30,   1.75, 0
0, 1033353,  10.29,   1.72, 0
0, 1033636,  10.31,   1.75, 0
0, 1033919,  10.30,   1.72, 0
0, 1034202,  10.30,   1.73, 0
0, 1034485,  10.31,   1.74, 0
0, 1034767,  10.31,   1.75, 0
0, 1035050,  10.33,   1.74, 0
0, 1035333,  10.30,   1.59, 0
0, 1035616,  10.31,   1.73, 0
0, 1035899,  10.29,   1.70, 0
0, 1036182,  10.31,   1.74, 0
0, 1036465,  10.31,   1.74, 0
0, 1036748,  10.33,   1.78, 0
0, 1037031,  10.31,   1.68, 0
0, 1037314,  10.30,   1.71, 0
0, 1037597,  10.30,   1.77, 0
0, 1037880,  10.31,   1.72, 0
0, 1038163,  10.33,   1.78, 0
0, 1038446,  10.33,   1.74, 0
0, 1038729,  10.32,   1.75, 0
0, 1039012,  10.34,   1.65, 0
0, 1039295,  10.32,   1.60, 0
0, 1039578,  10.33,   1.71, 0
0, 1039861,  10.31,   1.79, 0
0, 1040144,  10.30,   1.80, 0
0, 1040426,  10.30,   1.70, 0
0, 1040709,  10.30,   1.80, 0
0, 1040992,  10.36,   1.62, 0
0, 1041275,  10.33,   1.73, 0
0, 1041558,  10.31,   1.69, 0
0, 1041841,  10.32,   1.72, 0
0, 1042124,  10.36,   1.85, 0
0, 1042407,  10.30,   1.62, 0
0, 1042690,  10.30,   1.72, 0
0, 1042973,  10.30,   1.71, 0
0, 1043256,  10.31,   1.73, 0
0, 1043539,  10.30,   1.62, 0
0, 1043822,  10.32,   1.68, 0
0, 1044105,  10.33,   1.68, 0
0, 1044388,  10.32,   1.80, 0
0, 1044671,  10.32,   1.86, 0
0, 1044954,  10.30,   1.75, 0
0, 1045237,  10.35,   1.60, 0
0, 1045520,  10.32,   1.81, 0
0, 1045803,  10.34,   1.79, 0
0, 1046086,  10.30,   1.76, 0
0, 1046369,  10.32,   1.75, 0
0, 1046652,  10.34,   1.80, 0
0, 1046934,  10.33,   1.66, 0
0, 1047217,  10.27,   1.80, 0
0, 1047500,  10.31,   1.78, 0
0, 1047783,  10.32,   1.75, 0
0, 1048066,  10.31,   1.74, 0
0, 1048349,  10.31,   1.74, 0
0, 1048632,  10.30,   1.72, 0
0, 1048915,  10.32,   1.71, 0
0, 1049198,  10.32,   1.73, 0
0, 1049481,  10.31,   1.75, 0
0, 1049764,  10.29,   1.87, 0
0, 1050047,  10.31,   1.73, 0
0, 1050330,  10.31,   1.72, 0
0, 1050613,  10.34,   1.81, 0
0, 1050896,  10.29,   1.95, 0
0, 1051179,  10.31,   1.72, 0
0, 1051462,  10.30,   1.72, 0
0, 1051745,  10.31,   1.76, 0
0, 1052028,  10.31,   1.78, 0
0, 1052311,  10.33,   1.76, 0
0, 1052594,  10.31,   1.77, 0
0, 1052877,  10.32,   1.75, 0
0, 1053160,  10.31,   1.74, 0
0, 1053443,  10.33,   1.70, 0
0, 1053726,  10.33,   1.78, 0
0, 1054009,  10.29,   1.74, 0
0, 1054292,  10.31,   1.57, 0
0, 1054575,  10.29,   1.70, 0
0, 1054858,  10.33,   1.97, 0
0, 1055141,  10.30,   1.81, 0
0, 1055424,  10.33,   1.75, 0
0, 1055707,  10.32,   1.83, 0
0, 1055990,  10.32,   1.73, 0
0, 1056273,  10.33,   1.74, 0
0, 1056556,  10.31,   1.74, 0
0, 1056839,  10.32,   1.72, 0
0, 1057122,  10.29,   1.72, 0
0, 1057405,  10.31,   1.75, 0
0, 1057688,  10.30,   1.76, 0
0, 1057970,  10.30,   1.74, 0
0, 1058253,  10.32,   1.72, 0
0, 1058536,  10.30,   1.73, 0
0, 1058819,  10.30,   1.74, 0
0, 1059102,  10.31,   1.74, 0
0, 1059384,  10.31,   1.72, 0
0, 1059667,  10.31,   1.71, 0
0, 1059950,  10.33,   1.75, 0
0, 1060233,  10.31,   1.74, 0
0, 1060516,  10.33,   1.76, 0
0, 1060799,  10.32,   1.74, 0
0, 1061082,  10.32,   1.74, 0
0, 1061365,  10.31,   1.73, 0
0, 1061648,  10.32,   1.75, 0
0, 1061931,  10.32,   1.75, 0
0, 1062214,  10.33,   1.73, 0
0, 1062497,  10.32,   1.73, 0
0, 1062780,  10.33,   1.70, 0
0, 1063063,  10.32,   1.74, 0
0, 1063346,  10.32,   1.75, 0
0, 1063629,  10.30,   1.75, 0
0, 1063912,  10.31,   1.73, 0
0, 1064195,  10.32,   1.74, 0
0, 1064478,  10.33,   1.73, 0
0, 1064761,  10.29,   1.70, 0
0, 1065044,  10.30,   1.70, 0
0, 1065326,  10.31,   1.75, 0
0, 1065609,  10.32,   1.71, 0
0, 1065892,  10.31,   1.74, 0
0, 1066175,  10.32,   1.77, 0
0, 1066458,  10.31,   1.71, 0
0, 1066740,  10.31,   1.72, 0
0, 1067023,  10.30,   1.75, 0
0, 1067306,  10.31,   1.74, 0
0, 1067589,  10.32,   1.75, 0
0, 1067872,  10.33,   1.79, 0
0, 1068155,  10.31,   1.75, 0
0, 1068438,  10.30,   1.70, 0
0, 1068721,  10.31,   1.73, 0
0, 1069004,  10.31,   1.78, 0
0, 1069287,  10.31,   1.46, 0
0, 1069570,  10.29,   1.71, 0
0, 1069853,  10.30,   1.83, 0
0, 1070136,  10.32,   1.79, 0
0, 1070419,  10.32,   1.73, 0
0, 1070702,  10.32,   1.76, 0
0, 1070985,  10.32,   1.77, 0
0, 1071268,  10.32,   1.73, 0
0, 1071551,  10.36,   1.72, 0
0, 1071833,  10.27,   1.46, 0
0, 1072116,  10.30,   1.72, 0
0, 1072399,  10.32,   1.72, 0
0, 1072682,  10.37,   1.73, 0
0, 1072965,  10.30,   1.80, 0
0, 1073248,  10.34,   1.77, 0
0, 1073531,  10.31,   1.78, 0
0, 1073814,  10.28,   1.74, 0
0, 1074096,  10.31,   1.78, 0
0, 1074379,  10.31,   1.71, 0
0, 1074662,  10.26,   1.74, 0
0, 1074945,  10.31,   1.66, 0
0, 1075228,  10.29,   1.78, 0
0, 1075511,  10.30,   1.76, 0
0, 1075794,  10.32,   1.71, 0
0, 1076077,  10.37,   1.42, 0
0, 1076360,  10.34,   1.73, 0
0, 1076643,  10.36,   1.73, 0
0, 1076926,  10.33,   1.87, 0
0, 1077209,  10.32,   1.72, 0
0, 1077492,  10.31,   1.74, 0
0, 1077775,  10.33,   1.76, 0
0, 1078058,  10.32,   1.77, 0
0, 1078341,  10.32,   1.73, 0
0, 1078624,  10.32,   1.75, 0
0, 1078907,  10.32,   1.76, 0
0, 1079190,  10.30,   1.74, 0
0, 1079473,  10.31,   1.72, 0
0, 1079756,  10.33,   1.75, 0
0, 1080039,  10.31,   1.77, 0
0, 1080322,  10.31,   1.76, 0
0, 1080605,  10.31,   1.75, 0
0, 1080888,  10.32,   1.74, 0
0, 1081171,  10.32,   1.76, 0
0, 1081454,  10.32,   1.74, 0
0, 1081737,  10.30,   1.74, 0
0, 1082020,  10.30,   1.75, 0
0, 1082302,  10.31,   1.73, 0
0, 1082585,  10.31,   1.69, 0
0, 1082868,  10.30,   1.73, 0
0, 1083150,  10.31,   1.74, 0
0, 1083433,  10.30,   1.75, 0
0, 1083715,  10.32,   1.76, 0
0, 1083998,  10.31,   1.75, 0
0, 1084281,  10.31,   1.74, 0
0, 1084564,  10.32,   1.74, 0
0, 1084847,  10.31,   1.72, 0
0, 1085130,  10.31,   1.73, 0
0, 1085413,  10.31,   1.75, 0
0, 1085696,  10.31,   1.75, 0
0, 1085979,  10.31,   1.75, 0
0, 1086262,  10.32,   1.74, 0
0, 1086545,  10.31,   1.76, 0
0, 1086828,  10.38,   1.75, 0
0, 1087111,  10.31,   1.75, 0
0, 1087394,  10.31,   1.72, 0
0, 1087677,  10.29,   1.69, 0
0, 1087960,  10.29,   1.76, 0
0, 1088243,  10.32,   1.87, 0
0, 1088526,  10.32,   1.69, 0
0, 1088809,  10.33,   1.80, 0
0, 1089092,  10.32,   1.70, 0
0, 1089375,  10.34,   1.70, 0
0, 1089658,  10.52,   1.67, 0
0, 1089941,  10.33,   1.73, 0
0, 1090223,  10.31,   1.77, 0
0, 1090506,  10.32,   1.74, 0
0, 1090789,  10.30,   1.76, 0
0, 1091071,  10.32,   1.75, 0
0, 1091354,  10.33,   1.74, 0
0, 1091637,  10.33,   1.76, 0
0, 1091920,  10.30,   1.73, 0
0, 1092203,  10.27,   1.67, 0
0, 1092486,  10.29,   1.79, 0
0, 1092769,  10.32,   1.80, 0
0, 1093052,  10.23,   1.92, 0
0, 1093335,  10.35,   1.63, 0
0, 1093618,  10.33,   1.75, 0
0, 1093901,  10.30,   1.72, 0
0, 1094184,  10.30,   1.70, 0
0, 1094466,  10.31,   1.71, 0
0, 1094749,  10.29,   1.82, 0
0, 1095032,  10.27,   1.74, 0
0, 1095315,  10.32,   1.70, 0
0, 1095598,  10.29,   1.59, 0
0, 1095881,  10.32,   1.72, 0
0, 1096164,  10.33,   1.83, 0
0, 1096447,  10.30,   1.79, 0
0, 1096730,  10.48,   1.80, 0
0, 1097013,  10.42,   1.73, 0
0, 1097296,  10.26,   1.63, 0
0, 1097579,  10.30,   1.84, 0
0, 1097862,  10.28,   1.77, 0
0, 1098145,  10.33,   1.70, 0
0, 1098428,  10.31,   1.80, 0
0, 1098710,  10.33,   1.84, 0
0, 1098993,  10.32,   1.80, 0
0, 1099276,  10.29,   1.70, 0
0, 1099558,  10.41,   1.76, 0
0, 1099841,  10.30,   1.81, 0
0, 1100123,  10.31,   1.74, 0
0, 1100406,  10.34,   1.74, 0
0, 1100689,  10.35,   1.80, 0
0, 1100972,  10.30,   1.74, 0
0, 1101254,  10.30,   1.74, 0
0, 1101536,  10.33,   1.75, 0
0, 1101819,  10.34,   1.79, 0
0, 1102102,  10.32,   1.81, 0
0, 1102385,  10.28,   1.72, 0
0, 1102668,  10.39,   1.37, 0
0, 1102951,  10.40,   1.88, 0
0, 1103234,  10.34,   1.83, 0
0, 1103517,  10.33,   1.85, 0
0, 1103800,  10.30,   1.74, 0
0, 1104083,  10.30,   1.73, 0
0, 1104366,  10.31,   1.77, 0
0, 1104648,  10.31,   1.80, 0
0, 1104931,  10.29,   1.75, 0
0, 1105214,  10.31,   1.75, 0
0, 1105497,  10.36,   1.50, 0
0, 1105780,  10.29,   1.40, 0
0, 1106063,  10.29,   1.87, 0
0, 1106346,  10.36,   1.97, 0
0, 1106629,  10.33,   1.84, 0
0, 1106912,  10.30,   1.78, 0
0, 1107195,  10.31,   1.75, 0
0, 1107478,  10.31,   1.75, 0
0, 1107761,  10.32,   1.73, 0
0, 1108044,  10.33,   1.74, 0
0, 1108327,  10.31,   1.78, 0
0, 1108610,  10.29,   1.76, 0
0, 1108893,  10.31,   1.74, 0
0, 1109176,  10.31,   1.73, 0
0, 1109459,  10.30,   1.77, 0
0, 1109741,  10.31,   1.79, 0
0, 1110024,  10.33,   1.78, 0
0, 1110307,  10.31,   1.76, 0
0, 1110590,  10.27,   1.79, 0
0, 1110873,  10.31,   1.73, 0
0, 1111156,  10.31,   1.71, 0
0, 1111439,  10.30,   1.72, 0
0, 1111722,  10.32,   1.71, 0
0, 1112005,  10.30,   1.72, 0
0, 1112288,  10.31,   1.70, 0
0, 1112570,  10.29,   1.74, 0
0, 1112853,  10.32,   1.74, 0
0, 1113136,  10.32,   1.77, 0
0, 1113419,  10.31,   1.73, 0
0, 1113702,  10.34,   1.73, 0
0, 1113985,  10.31,   1.70, 0
0, 1114267,  10.30,   1.77, 0
0, 1114550,  10.31,   1.73, 0
0, 1114833,  10.32,   1.73, 0
0, 1115116,  10.30,   1.67, 0
0, 1115399,  10.29,   1.39, 0
0, 1115682,  10.30,   1.88, 0
0, 1115965,  10.34,   1.77, 0
0, 1116248,  10.29,   1.83, 0
0, 1116531,  10.30,   1.78, 0
0, 1116814,  10.32,   1.77, 0
0, 1117097,  10.44,   2.10, 0
0, 1117380,  10.30,   1.84, 0
0, 1117662,  10.30,   1.79, 0
0, 1117945,  10.31,   1.78, 0
0, 1118228,  10.32,   1.67, 0
0, 1118511,  10.30,   1.66, 0
0, 1118794,  10.32,   1.76, 0
0, 1119077,  10.28,   1.78, 0
0, 1119360,  10.32,   1.74, 0
0, 1119643,  10.31,   1.79, 0
0, 1119926,  10.29,   1.78, 0
0, 1120209,  10.20,   1.12, 0
0, 1120491,  10.22,   1.64, 0
0, 1120774,  10.23,   2.11, 0
0, 1121057,  10.31,   1.95, 0
0, 1121340,  10.31,   1.85, 0
0, 1121622,  10.31,   1.75, 0
0, 1121905,  10.32,   1.77, 0
0, 1122188,  10.32,   1.77, 0
0, 1122471,  10.35,   1.74, 0
0, 1122754,  10.33,   1.80, 0
0, 1123037,  10.34,   1.74, 0
0, 1123320,  10.32,   1.75, 0
0, 1123603,  10.30,   1.79, 0
0, 1123885,  10.32,   1.76, 0
0, 1124168,  10.34,   1.73, 0
0, 1124451,  10.30,   1.78, 0
0, 1124734,  10.32,   1.76, 0
0, 1125017,  10.31,   1.74, 0
0, 1125300,  10.31,   1.76, 0
0, 1125583,  10.31,   1.79, 0
0, 1125866,  10.32,   1.77, 0
0, 1126149,  10.31,   1.72, 0
0, 1126432,  10.30,   1.78, 0
0, 1126714,  10.31,   1.76, 0
0, 1126996,  10.31,   1.73, 0
0, 1127279,  10.30,   1.75, 0
0, 1127562,  10.32,   1.76, 0
0, 1127845,  10.32,   1.78, 0
0, 1128128,  10.33,   1.75, 0
0, 1128411,  10.31,   1.73, 0
0, 1128694,  10.32,   1.72, 0
0, 1128977,  10.31,   1.73, 0
0, 1129260,  10.31,   1.75, 0
0, 1129543,  10.32,   1.73, 0
0, 1129826,  10.31,   1.74, 0
0, 1130109,  10.31,   1.76, 0
0, 1130392,  10.31,   1.76, 0
0, 1130675,  10.31,   1.74, 0
0, 1130958,  10.30,   1.73, 0
0, 1131241,  10.30,   1.76, 0
0, 1131524,  10.32,   1.73, 0
0, 1131807,  10.31,   1.74, 0
0, 1132090,  10.31,   1.72, 0
0, 1132373,  10.31,   1.75, 0
0, 1132656,  10.31,   1.76, 0
0, 1132939,  10.31,   1.73, 0
0, 1133222,  10.33,   1.59, 0
0, 1133505,  10.31,   1.67, 0
0, 1133787,  10.30,   1.72, 0
0, 1134070,  10.30,   1.76, 0
0, 1134353,  10.31,   1.75, 0
0, 1134636,  10.31,   1.74, 0
0, 1134919,  10.31,   1.74, 0
0, 1135202,  10.30,   1.76, 0
0, 1135485,  10.30,   1.74, 0
0, 1135768,  10.32,   1.74, 0
0, 1136051,  10.31,   1.74, 0
0, 1136333,  10.30,   1.72, 0
0, 1136615,  10.32,   1.74, 0
0, 1136898,  10.32,   1.86, 0
0, 1137181,  10.30,   1.75, 0
0, 1137464,  10.30,   1.76, 0
0, 1137747,  10.30,   1.75, 0
0, 1138030,  10.31,   1.76, 0
0, 1138313,  10.32,   1.75, 0
0, 1138596,  10.31,   1.75, 0
0, 1138878,  10.31,   1.73, 0
0, 1139161,  10.32,   1.73, 0
0, 1139444,  10.31,   1.72, 0
0, 1139727,  10.30,   1.76, 0
0, 1140010,  10.31,   1.73, 0
0, 1140293,  10.31,   1.74, 0
0, 1140576,  10.32,   1.74, 0
0, 1140859,  10.31,   1.73, 0
0, 1141142,  10.31,   1.77, 0
0, 1141425,  10.32,   1.66, 0
0, 1141708,  10.32,   1.71, 0
0, 1141991,  10.29,   1.79, 0
0, 1142274,  10.17,   1.33, 0
0, 1142557,  10.36,   1.99, 0
0, 1142840,  10.29,   1.87, 0
0, 1143123,  10.36,   1.87, 0
0, 1143406,  10.33,   1.74, 0
0, 1143689,  10.31,   1.77, 0
0, 1143972,  10.31,   1.71, 0
0, 1144255,  10.32,   1.72, 0
0, 1144538,  10.31,   1.72, 0
0, 1144821,  10.31,   1.69, 0
0, 1145103,  10.33,   1.71, 0
0, 1145386,  10.30,   1.79, 0
0, 1145669,  10.34,   1.81, 0
0, 1145952,  10.30,   1.74, 0
0, 1146235,  10.33,   1.74, 0
0, 1146518,  10.34,   1.84, 0
0, 1146801,  10.30,   1.76, 0
0, 1147084,  10.31,   1.69, 0
0, 1147367,  10.32,   1.74, 0
0, 1147650,  10.31,   1.76, 0
0, 1147933,  10.30,   1.79, 0
0, 1148215,  10.30,   1.66, 0
0, 1148498,  10.29,   1.77, 0
0, 1148781,  10.31,   1.79, 0
0, 1149064,  10.30,   1.55, 0
0, 1149347,  10.30,   1.70, 0
0, 1149630,  10.32,   1.75, 0
0, 1149913,  10.32,   1.72, 0
0, 1150196,  10.30,   1.66, 0
0, 1150479,  10.27,   1.67, 0
0, 1150762,  10.31,   1.76, 0
0, 1151045,  10.32,   1.75, 0
0, 1151328,  10.31,   1.84, 0
0, 1151610,  10.33,   1.76, 0
0, 1151892,  10.31,   2.08, 0
0, 1152175,  10.32,   1.82, 0
0, 1152458,  10.33,   1.72, 0
0, 1152741,  10.34,   1.88, 0
0, 1153024,  10.33,   1.75, 0
0, 1153307,  10.29,   1.72, 0
0, 1153590,  10.30,   1.74, 0
0, 1153872,  10.30,   1.75, 0
0, 1154154,  10.32,   1.74, 0
0, 1154437,  10.29,   1.66, 0
0, 1154720,  10.31,   1.78, 0
0, 1155003,  10.29,   1.83, 0
0, 1155286,  10.30,   1.74, 0
0, 1155568,  10.31,   1.73, 0
0, 1155851,  10.30,   1.76, 0
0, 1156134,  10.31,   1.76, 0
0, 1156417,  10.30,   1.74, 0
0, 1156700,  10.31,   1.75, 0
0, 1156983,  10.30,   1.52, 0
0, 1157265,  10.33,   1.75, 0
0, 1157548,  10.32,   1.75, 0
0, 1157831,  10.31,   1.76, 0
0, 1158113,  10.30,   1.75, 0
0, 1158396,  10.31,   1.75, 0
0, 1158679,  10.31,   1.81, 0
0, 1158962,  10.27,   1.75, 0
0, 1159245,  10.28,   1.55, 0
0, 1159528,  10.33,   1.78, 0
0, 1159811,  10.30,   1.76, 0
0, 1160094,  10.32,   1.76, 0
0, 1160377,  10.32,   1.79, 0
0, 1160660,  10.28,   1.71, 0
0, 1160943,  10.30,   1.74, 0
0, 1161226,  10.32,   1.74, 0
0, 1161509,  10.32,   1.74, 0
0, 1161792,  10.31,   1.72, 0
0, 1162075,  10.24,   1.53, 0
0, 1162358,  10.31,   1.75, 0
0, 1162641,  10.32,   1.78, 0
0, 1162924,  10.35,   1.38, 0
0, 1163207,  10.34,   1.70, 0
0, 1163490,  10.13,   1.72, 0
0, 1163773,  10.25,   1.78, 0
0, 1164056,  10.33,   1.77, 0
0, 1164339,  10.29,   1.77, 0
0, 1164621,  10.29,   1.72, 0
0, 1164903,  10.30,   1.74, 0
0, 1165185,  10.32,   1.72, 0
0, 1165468,  10.32,   1.76, 0
0, 1165751,  10.31,   1.77, 0
0, 1166034,  10.30,   1.76, 0
0, 1166317,  10.30,   1.74, 0
0, 1166600,  10.31,   1.74, 0
0, 1166883,  10.32,   1.75, 0
0, 1167166,  10.32,   1.73, 0
0, 1167449,  10.31,   1.69, 0
0, 1167732,  10.31,   1.76, 0
0, 1168014,  10.30,   1.77, 0
0, 1168296,  10.28,   1.56, 0
0, 1168579,  10.36,   1.98, 0
0, 1168862,  10.33,   1.71, 0
0, 1169145,  10.30,   1.71, 0
0, 1169428,  10.29,   1.71, 0
0, 1169711,  10.30,   1.72, 0
0, 1169994,  10.29,   1.72, 0
0, 1170277,  10.34,   1.72, 0
0, 1170560,  10.26,   1.65, 0
0, 1170843,  10.31,   1.78, 0
0, 1171126,  10.30,   1.79, 0
0, 1171409,  10.32,   1.67, 0
0, 1171692,  10.31,   1.77, 0
0, 1171975,  10.33,   1.70, 0
0, 1172258,  10.32,   1.75, 0
0, 1172541,  10.28,   1.72, 0
0, 1172824,  10.31,   1.71, 0
0, 1173107,  10.35,   1.68, 0
0, 1173390,  10.29,   1.73, 0
0, 1173673,  10.28,   1.79, 0
0, 1173956,  10.31,   1.72, 0
0, 1174238,  10.31,   1.75, 0
0, 1174521,  10.29,   1.46, 0
0, 1174804,  10.32,   1.74, 0
0, 1175087,  10.32,   1.77, 0
0, 1175370,  10.33,   1.75, 0
0, 1175653,  10.32,   1.71, 0
0, 1175936,  10.31,   1.73, 0
0, 1176219,  10.32,   1.69, 0
0, 1176502,  10.32,   1.73, 0
0, 1176785,  10.32,   1.80, 0
0, 1177068,  10.33,   1.78, 0
0, 1177351,  10.32,   1.76, 0
0, 1177634,  10.30,   1.75, 0
0, 1177917,  10.29,   1.73, 0
0, 1178200,  10.33,   1.71, 0
0, 1178482,  10.31,   1.77, 0
0, 1178764,  10.29,   1.69, 0
0, 1179047,  10.32,   1.74, 0
0, 1179330,  10.34,   1.69, 0
0, 1179613,  10.30,   1.75, 0
0, 1179896,  10.25,   1.48, 0
0, 1180179,  10.32,   1.65, 0
0, 1180462,  10.06,   2.14, 0
0, 1180745,  10.40,   1.75, 0
0, 1181028,  10.34,   1.87, 0
0, 1181311,  10.31,   1.74, 0
0, 1181594,  10.31,   1.78, 0
0, 1181877,  10.32,   1.77, 0
0, 1182160,  10.32,   1.74, 0
0, 1182443,  10.30,   1.77, 0
0, 1182725,  10.31,   1.79, 0
0, 1183008,  10.34,   1.75, 0
0, 1183291,  10.30,   1.68, 0
0, 1183574,  10.29,   1.74, 0
0, 1183857,  10.31,   1.76, 0
0, 1184140,  10.31,   1.75, 0
0, 1184423,  10.30,   1.76, 0
0, 1184706,  10.31,   1.75, 0
0, 1184989,  10.30,   1.74, 0
0, 1185271,  10.30,   1.76, 0
0, 1185554,  10.30,   1.75, 0
0, 1185836,  10.31,   1.74, 0
0, 1186119,  10.30,   1.75, 0
0, 1186401,  10.31,   1.75, 0
0, 1186684,  10.31,   1.75, 0
0, 1186967,  10.33,   1.72, 0
0, 1187250,  10.31,   1.79, 0
0, 1187533,  10.31,   1.71, 0
0, 1187816,  10.31,   1.71, 0
0, 1188098,  10.31,   1.73, 0
0, 1188381,  10.29,   1.73, 0
0, 1188664,  10.31,   1.75, 0
0, 1188947,  10.31,   1.74, 0
0, 1189230,  10.33,   1.77, 0
0, 1189513,  10.31,   1.73, 0
0, 1189796,  10.30,   1.77, 0
0, 1190078,  10.31,   1.74, 0
0, 1190361,  10.31,   1.77, 0
0, 1190644,  10.31,   1.74, 0
0, 1190927,  10.31,   1.72, 0
0, 1191210,  10.30,   1.71, 0
0, 1191493,  10.31,   1.77, 0
0, 1191776,  10.32,   1.77, 0
0, 1192059,  10.31,   1.75, 0
0, 1192342,  10.31,   1.73, 0
0, 1192625,  10.32,   1.76, 0
0, 1192908,  10.31,   1.73, 0
0, 1193191,  10.32,   1.74, 0
0, 1193474,  10.33,   1.78, 0
0, 1193757,  10.30,   1.72, 0
0, 1194040,  10.33,   1.74, 0
0, 1194323,  10.32,   1.71, 0
0, 1194606,  10.33,   1.74, 0
0, 1194889,  10.26,   1.73, 0
0, 1195172,  10.28,   1.64, 0
0, 1195455,  10.31,   1.71, 0
0, 1195738,  10.32,   1.75, 0
0, 1196021,  10.33,   1.75, 0
0, 1196304,  10.31,   1.71, 0
0, 1196587,  10.30,   1.74, 0
0, 1196869,  10.30,   1.74, 0
0, 1197151,  10.30,   1.76, 0
0, 1197434,  10.32,   1.77, 0
0, 1197717,  10.33,   1.75, 0
0, 1198000,  10.30,   1.76, 0
0, 1198283,  10.31,   1.73, 0
0, 1198566,  10.31,   1.74, 0
0, 1198849,  10.31,   1.78, 0
0, 1199132,  10.31,   1.76, 0
0, 1199415,  10.33,   1.76, 0
0, 1199698,  10.32,   1.76, 0
0, 1199981,  10.33,   1.76, 0
0, 1200264,  10.30,   1.66, 0
0, 1200547,  10.30,   1.68, 0
0, 1200830,  10.32,   1.72, 0
0, 1201113,  10.32,   1.73, 0
0, 1201396,  10.32,   1.75, 0
0, 1201679,  10.32,   1.76, 0
0, 1201962,  10.33,   1.73, 0
0, 1202245,  10.32,   1.75, 0
0, 1202528,  10.32,   1.74, 0
0, 1202811,  10.33,   1.75, 0
0, 1203094,  10.33,   1.76, 0
0, 1203377,  10.32,   1.77, 0
0, 1203660,  10.32,   1.75, 0
0, 1203942,  10.31,   1.76, 0
0, 1204225,  10.30,   1.76, 0
0, 1204508,  10.30,   1.72, 0
0, 1204791,  10.31,   1.74, 0
0, 1205074,  10.32,   1.72, 0
0, 1205357,  10.32,   1.74, 0
0, 1205640,  10.30,   1.73, 0
0, 1205923,  10.31,   1.75, 0
0, 1206206,  10.33,   1.73, 0
0, 1206489,  10.44,   1.60, 0
0, 1206772,  10.32,   1.78, 0
0, 1207055,  10.32,   1.82, 0
0, 1207338,  10.32,   1.84, 0
0, 1207621,  10.33,   1.79, 0
0, 1207903,  10.31,   1.79, 0
0, 1208186,  10.32,   1.77, 0
0, 1208469,  10.32,   1.78, 0
0, 1208752,  10.33,   1.76, 0
0, 1209034,  10.26,   1.69, 0
0, 1209317,  10.27,   1.81, 0
0, 1209600,  10.27,   1.76, 0
0, 1209883,  10.29,   1.72, 0
0, 1210166,  10.30,   1.75, 0
0, 1210449,  10.31,   1.73, 0
0, 1210731,  10.32,   1.67, 0
0, 1211014,  10.33,   1.75, 0
0, 1211297,  10.34,   1.82, 0
0, 1211580,  10.33,   1.78, 0
0, 1211863,  10.31,   1.77, 0
0, 1212146,  10.30,   1.78, 0
0, 1212429,  10.31,   1.72, 0
0, 1212712,  10.31,   1.76, 0
0, 1212995,  10.31,   1.76, 0
0, 1213277,  10.31,   1.82, 0
0, 1213559,  10.36,   1.53, 0
0, 1213842,  10.31,   1.77, 0
0, 1214125,  10.43,   1.85, 0
0, 1214408,  10.34,   1.81, 0
0, 1214691,  10.35,   1.70, 0
0, 1214974,  10.36,   1.70, 0
0, 1215257,  10.35,   1.77, 0
0, 1215540,  10.31,   1.68, 0
0, 1215823,  10.32,   1.77, 0
0, 1216106,  10.32,   1.75, 0
0, 1216389,  10.31,   1.78, 0
0, 1216671,  10.32,   1.77, 0
0, 1216954,  10.33,   1.73, 0
0, 1217237,  10.31,   1.75, 0
0, 1217520,  10.31,   1.70, 0
0, 1217803,  10.31,   1.76, 0
0, 1218086,  10.32,   1.76, 0
0, 1218369,  10.31,   1.75, 0
0, 1218652,  10.33,   1.74, 0
0, 1218935,  10.31,   1.82, 0
0, 1219217,  10.33,   1.79, 0
0, 1219500,  10.32,   1.74, 0
0, 1219783,  10.30,   1.72, 0
0, 1220066,  10.30,   1.71, 0
0, 1220348,  10.32,   1.74, 0
0, 1220631,  10.31,   1.75, 0
0, 1220914,  10.29,   1.75, 0
0, 1221197,  10.30,   1.74, 0
0, 1221480,  10.29,   1.75, 0
0, 1221763,  10.32,   1.71, 0
0, 1222046,  10.33,   1.74, 0
0, 1222329,  10.31,   1.73, 0
0, 1222611,  10.30,   1.74, 0
0, 1222894,  10.32,   1.75, 0
0, 1223177,  10.31,   1.63, 0
0, 1223460,  10.32,   1.85, 0
0, 1223743,  10.32,   1.78, 0
0, 1224026,  10.35,   1.94, 0
0, 1224309,  10.37,   1.81, 0
0, 1224592,  10.32,   1.73, 0
0, 1224875,  10.32,   1.80, 0
0, 1225158,  10.32,   1.70, 0
0, 1225441,  10.32,   1.84, 0
0, 1225724,  10.31,   1.71, 0
0, 1226006,  10.33,   1.71, 0
0, 1226289,  10.38,   1.45, 0
0, 1226572,  10.31,   1.77, 0
0, 1226855,  10.30,   1.83, 0
0, 1227138,  10.28,   1.75, 0
0, 1227421,  10.32,   1.80, 0
0, 1227704,  10.32,   1.75, 0
0, 1227987,  10.32,   1.71, 0
0, 1228270,  10.29,   1.74, 0
0, 1228553,  10.31,   1.73, 0
0, 1228836,  10.32,   1.73, 0
0, 1229119,  10.30,   1.78, 0
0, 1229402,  10.22,   1.35, 0
0, 1229685,  10.31,   1.78, 0
0, 1229968,  10.33,   1.81, 0
0, 1230251,  10.28,   1.86, 0
0, 1230534,  10.32,   1.83, 0
0, 1230817,  10.36,   1.80, 0
0, 1231100,  10.28,   1.71, 0
0, 1231383,  10.32,   1.79, 0
0, 1231665,  10.34,   1.73, 0
0, 1231948,  10.32,   1.74, 0
0, 1232231,  10.32,   1.76, 0
0, 1232514,  10.31,   1.74, 0
0, 1232796,  10.33,   1.66, 0
0, 1233079,  10.32,   1.80, 0
0, 1233362,  10.34,   1.80, 0
0, 1233645,  10.33,   1.75, 0
0, 1233928,  10.32,   1.77, 0
0, 1234211,  10.31,   1.75, 0
0, 1234494,  10.35,   1.79, 0
0, 1234777,  10.31,   1.72, 0
0, 1235060,  10.32,   1.75, 0
0, 1235343,  10.32,   1.79, 0
0, 1235626,  10.33,   1.42, 0
0, 1235909,  10.29,   1.66, 0
0, 1236192,  10.36,   2.11, 0
0, 1236475,  10.33,   1.84, 0
0, 1236758,  10.31,   1.79, 0
0, 1237040,  10.33,   1.80, 0
0, 1237323,  10.31,   1.82, 0
0, 1237606,  10.34,   1.73, 0
0, 1237888,  10.30,   1.81, 0
0, 1238171,  10.33,   1.82, 0
0, 1238454,  10.29,   1.75, 0
0, 1238737,  10.30,   1.75, 0
0, 1239020,  10.34,   1.78, 0
0, 1239303,  10.37,   1.62, 0
0, 1239585,  10.22,   1.79, 0
0, 1239868,  10.24,   1.91, 0
0, 1240151,  10.34,   1.83, 0
0, 1240434,  10.32,   1.81, 0
0, 1240717,  10.33,   1.78, 0
0, 1241000,  10.32,   1.76, 0
0, 1241283,  10.31,   1.77, 0
0, 1241565,  10.29,   1.74, 0
0, 1241848,  10.30,   1.75, 0
0, 1242130,  10.31,   1.73, 0
0, 1242413,  10.32,   1.72, 0
0, 1242696,  10.32,   1.75, 0
0, 1242979,  10.28,   1.78, 0
0, 1243262,  10.28,   1.81, 0
0, 1243545,  10.31,   1.74, 0
0, 1243828,  10.28,   1.66, 0
0, 1244111,  10.36,   1.35, 0
0, 1244394,  10.38,   1.85, 0
0, 1244677,  10.28,   1.83, 0
0, 1244960,  10.34,   1.92, 0
0, 1245243,  10.31,   1.74, 0
0, 1245525,  10.34,   1.86, 0
0, 1245807,  10.29,   1.76, 0
0, 1246090,  10.33,   1.69, 0
0, 1246373,  10.29,   1.77, 0
0, 1246656,  10.32,   1.75, 0
0, 1246939,  10.32,   1.76, 0
0, 1247222,  10.35,   1.73, 0
0, 1247504,  10.32,   1.76, 0
0, 1247787,  10.31,   1.75, 0
0, 1248070,  10.30,   1.75, 0
0, 1248353,  10.32,   1.73, 0
0, 1248636,  10.31,   1.76, 0
0, 1248919,  10.32,   1.73, 0
0, 1249202,  10.31,   1.74, 0
0, 1249485,  10.32,   1.77, 0
0, 1249768,  10.32,   1.75, 0
0, 1250051,  10.31,   1.74, 0
0, 1250334,  10.32,   1.76, 0
0, 1250617,  10.31,   1.76, 0
0, 1250900,  10.32,   1.75, 0
0, 1251183,  10.31,   1.73, 0
0, 1251466,  10.30,   1.71, 0
0, 1251749,  10.38,   1.74, 0
0, 1252032,  10.34,   1.73, 0
0, 1252315,  10.30,   1.79, 0
0, 1252598,  10.33,   1.90, 0
0, 1252881,  10.33,   1.71, 0
0, 1253164,  10.33,   1.79, 0
0, 1253447,  10.34,   1.72, 0
0, 1253730,  10.32,   1.73, 0
0, 1254013,  10.33,   1.74, 0
0, 1254296,  10.32,   1.76, 0
0, 1254579,  10.32,   1.78, 0
0, 1254862,  10.32,   1.75, 0
0, 1255145,  10.31,   1.73, 0
0, 1255428,  10.33,   1.75, 0
0, 1255711,  10.30,   1.74, 0
0, 1255994,  10.32,   1.73, 0
0, 1256277,  10.31,   1.72, 0
0, 1256560,  10.33,   1.75, 0
0, 1256843,  10.31,   1.74, 0
0, 1257126,  10.30,   1.73, 0
0, 1257409,  10.31,   1.72, 0
0, 1257692,  10.30,   1.77, 0
0, 1257974,  10.31,   1.72, 0
0, 1258257,  10.32,   1.75, 0
0, 1258540,  10.31,   1.75, 0
0, 1258823,  10.32,   1.75, 0
0, 1259106,  10.32,   1.74, 0
0, 1259389,  10.31,   1.76, 0
0, 1259672,  10.31,   1.74, 0
0, 1259955,  10.30,   1.75, 0
0, 1260237,  10.31,   1.73, 0
0, 1260520,  10.31,   1.69, 0
0, 1260803,  10.31,   1.73, 0
0, 1261086,  10.31,   1.74, 0
0, 1261369,  10.31,   1.72, 0
0, 1261652,  10.32,   1.73, 0
0, 1261935,  10.31,   1.75, 0
0, 1262218,  10.32,   1.73, 0
0, 1262501,  10.31,   1.73, 0
0, 1262784,  10.31,   1.77, 0
0, 1263067,  10.31,   1.75, 0
0, 1263350,  10.31,   1.74, 0
0, 1263633,  10.30,   1.71, 0
0, 1263916,  10.31,   1.75, 0
0, 1264199,  10.32,   1.71, 0
0, 1264482,  10.32,   1.74, 0
0, 1264765,  10.31,   1.74, 0
0, 1265048,  10.31,   1.74, 0
0, 1265331,  10.33,   1.81, 0
0, 1265614,  10.31,   1.71, 0
0, 1265897,  10.30,   1.72, 0
0, 1266179,  10.31,   1.72, 0
0, 1266462,  10.30,   1.75, 0
0, 1266744,  10.31,   1.75, 0
0, 1267026,  10.30,   1.74, 0
0, 1267309,  10.31,   1.73, 0
0, 1267592,  10.30,   1.75, 0
0, 1267875,  10.30,   1.74, 0
0, 1268158,  10.29,   1.74, 0
0, 1268441,  10.30,   1.68, 0
0, 1268724,  10.34,   1.74, 0
0, 1269007,  10.32,   1.79, 0
0, 1269290,  10.31,   1.74, 0
0, 1269573,  10.32,   1.73, 0
0, 1269856,  10.31,   1.71, 0
0, 1270138,  10.32,   1.72, 0
0, 1270421,  10.30,   1.74, 0
0, 1270703,  10.30,   1.77, 0
0, 1270986,  10.31,   1.78, 0
0, 1271269,  10.31,   1.73, 0
0, 1271552,  10.31,   1.76, 0
0, 1271835,  10.31,   1.73, 0
0, 1272118,  10.31,   1.77, 0
0, 1272401,  10.31,   1.74, 0
0, 1272684,  10.31,   1.72, 0
0, 1272966,  10.30,   1.75, 0
0, 1273249,  10.31,   1.75, 0
0, 1273532,  10.30,   1.74, 0
0, 1273815,  10.31,   1.75, 0
0, 1274097,  10.31,   1.75, 0
0, 1274379,  10.31,   1.72, 0
0, 1274662,  10.32,   1.74, 0
0, 1274945,  10.31,   1.69, 0
0, 1275228,  10.31,   1.73, 0
0, 1275511,  10.31,   1.71, 0
0, 1275794,  10.30,   1.74, 0
0, 1276077,  10.30,   1.71, 0
0, 1276360,  10.30,   1.70, 0
0, 1276643,  10.30,   1.74, 0
0, 1276925,  10.30,   1.75, 0
0, 1277208,  10.31,   1.73, 0
0, 1277491,  10.31,   1.71, 0
0, 1277774,  10.31,   1.75, 0
0, 1278057,  10.31,   1.75, 0
0, 1278340,  10.30,   1.74, 0
0, 1278622,  10.30,   1.73, 0
0, 1278905,  10.31,   1.71, 0
0, 1279188,  10.31,   1.75, 0
0, 1279471,  10.31,   1.75, 0
0, 1279754,  10.30,   1.74, 0
0, 1280037,  10.31,   1.74, 0
0, 1280320,  10.30,   1.75, 0
0, 1280603,  10.28,   1.70, 0
0, 1280886,  10.34,   1.75, 0
0, 1281169,  10.32,   1.76, 0
0, 1281452,  10.31,   1.74, 0
0, 1281735,  10.27,   1.77, 0
0, 1282018,  10.31,   1.75, 0
0, 1282301,  10.31,   1.71, 0
0, 1282584,  10.31,   1.74, 0
0, 1282867,  10.31,   1.75, 0
0, 1283150,  10.30,   1.72, 0
0, 1283433,  10.32,   1.69, 0
0, 1283716,  10.30,   1.75, 0
0, 1283999,  10.32,   1.62, 0
0, 1284282,  10.32,   1.81, 0
0, 1284565,  10.28,   1.77, 0
0, 1284848,  10.30,   1.84, 0
0, 1285131,  10.31,   1.70, 0
0, 1285413,  10.30,   1.73, 0
0, 1285696,  10.31,   1.72, 0
0, 1285979,  10.30,   1.61, 0
0, 1286262,  10.28,   1.75, 0
0, 1286545,  10.33,   1.71, 0
0, 1286828,  10.32,   1.66, 0
0, 1287110,  10.31,   1.72, 0
0, 1287392,  10.31,   1.77, 0
0, 1287674,  10.31,   1.70, 0
0, 1287957,  10.30,   1.73, 0
0, 1288240,  10.30,   1.68, 0
0, 1288523,  10.32,   1.69, 0
0, 1288806,  10.30,   1.68, 0
0, 1289089,  10.30,   1.72, 0
0, 1289372,  10.32,   1.74, 0
0, 1289655,  10.32,   1.72, 0
0, 1289938,  10.33,   1.67, 0
0, 1290221,  10.32,   1.75, 0
0, 1290504,  10.32,   1.75, 0
0, 1290787,  10.32,   1.78, 0
0, 1291070,  10.32,   1.82, 0
0, 1291353,  10.34,   1.78, 0
0, 1291636,  10.32,   1.81, 0
0, 1291919,  10.30,   1.69, 0
0, 1292202,  10.30,   1.75, 0
0, 1292485,  10.29,   1.84, 0
0, 1292768,  10.34,   1.74, 0
0, 1293051,  10.31,   1.78, 0
0, 1293334,  10.31,   1.80, 0
0, 1293617,  10.25,   1.62, 0
0, 1293900,  10.35,   1.74, 0
0, 1294182,  10.32,   1.84, 0
0, 1294465,  10.30,   1.77, 0
0, 1294748,  10.30,   1.69, 0
0, 1295031,  10.32,   1.69, 0
0, 1295314,  10.32,   1.74, 0
0, 1295597,  10.33,   1.72, 0
0, 1295880,  10.33,   1.89, 0
0, 1296163,  10.32,   1.72, 0
0, 1296446,  10.30,   1.76, 0
0, 1296729,  10.31,   1.77, 0
0, 1297012,  10.32,   1.72, 0
0, 1297295,  10.33,   1.74, 0
0, 1297578,  10.31,   1.76, 0
0, 1297861,  10.31,   1.78, 0
0, 1298144,  10.31,   1.76, 0
0, 1298427,  10.31,   1.76, 0
0, 1298710,  10.31,   1.77, 0
0, 1298993,  10.31,   1.75, 0
0, 1299276,  10.32,   1.73, 0
0, 1299559,  10.31,   1.74, 0
0, 1299842,  10.32,   1.73, 0
0, 1300125,  10.32,   1.75, 0
0, 1300408,  10.30,   1.76, 0
0, 1300690,  10.31,   1.75, 0
0, 1300973,  10.31,   1.75, 0
0, 1301256,  10.30,   1.80, 0
0, 1301539,  10.32,   1.86, 0
0, 1301822,  10.32,   1.76, 0
0, 1302105,  10.31,   1.73, 0
0, 1302388,  10.31,   1.74, 0
0, 1302671,  10.31,   1.69, 0
0, 1302954,  10.30,   1.73, 0
0, 1303237,  10.31,   1.76, 0
0, 1303520,  10.38,   1.47, 0
0, 1303803,  10.31,   1.62, 0
0, 1304085,  10.29,   1.81, 0
0, 1304368,  10.32,   1.74, 0
0, 1304651,  10.30,   1.72, 0
0, 1304934,  10.28,   1.73, 0
0, 1305217,  10.35,   1.73, 0
0, 1305500,  10.33,   1.80, 0
0, 1305783,  10.33,   1.76, 0
0, 1306066,  10.28,   1.82, 0
0, 1306349,  10.33,   1.75, 0
0, 1306632,  10.33,   1.79, 0
0, 1306915,  10.32,   1.78, 0
0, 1307198,  10.33,   1.76, 0
0, 1307481,  10.31,   1.74, 0
0, 1307764,  10.32,   1.73, 0
0, 1308047,  10.30,   1.74, 0
0, 1308330,  10.30,   1.73, 0
0, 1308613,  10.28,   1.73, 0
0, 1308896,  10.33,   1.74, 0
0, 1309179,  10.27,   1.60, 0
0, 1309462,  10.29,   1.82, 0
0, 1309745,  10.32,   1.69, 0
0, 1310028,  10.27,   1.66, 0
0, 1310311,  10.38,   1.71, 0
0, 1310594,  10.28,   1.77, 0
0, 1310877,  10.33,   1.78, 0
0, 1311160,  10.31,   1.73, 0
0, 1311442,  10.33,   1.59, 0
0, 1311725,  10.34,   1.76, 0
0, 1312008,  10.33,   1.72, 0
0, 1312291,  10.32,   1.79, 0
0, 1312574,  10.34,   1.90, 0
0, 1312857,  10.31,   1.71, 0
0, 1313140,  10.31,   1.75, 0
0, 1313422,  10.33,   1.70, 0
0, 1313705,  10.33,   1.80, 0
0, 1313988,  10.31,   1.79, 0
0, 1314271,  10.33,   1.78, 0
0, 1314554,  10.32,   1.76, 0
0, 1314837,  10.31,   1.76, 0
0, 1315119,  10.35,   1.70, 0
0, 1315402,  10.31,   1.70, 0
0, 1315685,  10.31,   1.74, 0
0, 1315967,  10.31,   1.80, 0
0, 1316250,  10.34,   1.73, 0
0, 1316533,  10.32,   1.72, 0
0, 1316816,  10.31,   1.76, 0
0, 1317099,  10.29,   1.75, 0
0, 1317382,  10.33,   1.76, 0
0, 1317665,  10.31,   1.67, 0
0, 1317948,  10.31,   1.80, 0
0, 1318231,  10.33,   1.71, 0
0, 1318514,  10.30,   1.79, 0
0, 1318797,  10.31,   1.75, 0
0, 1319080,  10.31,   1.75, 0
0, 1319362,  10.27,   1.59, 0
0, 1319645,  10.31,   1.76, 0
0, 1319928,  10.31,   1.73, 0
0, 1320210,  10.29,   1.72, 0
0, 1320493,  10.32,   1.75, 0
0, 1320776,  10.32,   1.71, 0
0, 1321059,  10.31,   1.59, 0
0, 1321342,  10.31,   1.69, 0
0, 1321625,  10.30,   1.84, 0
0, 1321908,  10.32,   1.73, 0
0, 1322191,  10.32,   1.75, 0
0, 1322474,  10.32,   1.71, 0
0, 1322757,  10.26,   1.79, 0
0, 1323040,  10.29,   1.76, 0
0, 1323323,  10.30,   1.65, 0
0, 1323606,  10.34,   1.74, 0
0, 1323889,  10.33,   1.77, 0
0, 1324172,  10.30,   1.77, 0
0, 1324454,  10.32,   1.66, 0
0, 1324737,  10.31,   1.69, 0
0, 1325020,  10.32,   1.81, 0
0, 1325303,  10.31,   1.73, 0
0, 1325586,  10.23,   1.50, 0
0, 1325869,  10.33,   1.72, 0
0, 1326152,  10.18,   1.80, 0
0, 1326434,  10.34,   1.82, 0
0, 1326717,  10.33,   1.75, 0
0, 1326999,  10.30,   1.70, 0
0, 1327282,  10.31,   1.73, 0
0, 1327565,  10.32,   1.74, 0
0, 1327848,  10.32,   1.75, 0
0, 1328131,  10.30,   1.68, 0
0, 1328414,  10.33,   1.76, 0
0, 1328697,  10.32,   1.77, 0
0, 1328980,  10.31,   1.76, 0
0, 1329263,  10.31,   1.76, 0
0, 1329546,  10.31,   1.73, 0
0, 1329829,  10.32,   1.75, 0
0, 1330112,  10.32,   1.75, 0
0, 1330395,  10.32,   1.76, 0
0, 1330678,  10.30,   1.76, 0
0, 1330961,  10.30,   1.73, 0
0, 1331244,  10.31,   1.74, 0
0, 1331526,  10.30,   1.73, 0
0, 1331809,  10.29,   1.77, 0
0, 1332091,  10.30,   1.75, 0
0, 1332373,  10.33,   1.74, 0
0, 1332656,  10.30,   1.76, 0
0, 1332939,  10.30,   1.75, 0
0, 1333222,  10.33,   1.79, 0
0, 1333505,  10.33,   1.73, 0
0, 1333788,  10.31,   1.77, 0
0, 1334070,  10.31,   1.76, 0
0, 1334353,  10.31,   1.75, 0
0, 1334636,  10.31,   1.74, 0
0, 1334918,  10.32,   1.72, 0
0, 1335201,  10.32,   1.78, 0
0, 1335484,  10.34,   1.76, 0
0, 1335767,  10.33,   1.73, 0
0, 1336050,  10.32,   1.73, 0
0, 1336333,  10.35,   1.76, 0
0, 1336616,  10.32,   1.78, 0
0, 1336899,  10.34,   1.76, 0
0, 1337182,  10.33,   1.76, 0
0, 1337465,  10.31,   1.74, 0
0, 1337748,  10.32,   1.74, 0
0, 1338031,  10.31,   1.74, 0
0, 1338314,  10.32,   1.75, 0
0, 1338597,  10.32,   1.79, 0
0, 1338880,  10.31,   1.77, 0
0, 1339163,  10.32,   1.75, 0
0, 1339446,  10.30,   1.76, 0
0, 1339728,  10.31,   1.77, 0
0, 1340011,  10.32,   1.72, 0
0, 1340294,  10.31,   1.71, 0
0, 1340576,  10.30,   1.71, 0
0, 1340859,  10.32,   1.79, 0
0, 1341142,  10.32,   1.73, 0
0, 1341425,  10.32,   1.69, 0
0, 1341708,  10.29,   1.54, 0
0, 1341991,  10.32,   1.74, 0
0, 1342273,  10.33,   1.79, 0
0, 1342556,  10.31,   1.67, 0
0, 1342839,  10.31,   1.73, 0
0, 1343121,  10.31,   1.81, 0
0, 1343404,  10.29,   1.73, 0
0, 1343687,  10.26,   1.70, 0
0, 1343970,  10.36,   1.77, 0
0, 1344253,  10.28,   1.71, 0
0, 1344536,  10.27,   1.73, 0
0, 1344819,  10.30,   1.73, 0
0, 1345102,  10.30,   1.73, 0
0, 1345385,  10.32,   1.76, 0
0, 1345668,  10.30,   1.72, 0
0, 1345951,  10.31,   1.76, 0
0, 1346234,  10.32,   1.75, 0
0, 1346517,  10.39,   1.77, 0
0, 1346800,  10.32,   1.79, 0
0, 1347082,  10.31,   1.71, 0
0, 1347365,  10.31,   1.69, 0
0, 1347648,  10.30,   1.74, 0
0, 1347930,  10.29,   1.78, 0
0, 1348213,  10.31,   1.75, 0
0, 1348496,  10.33,   1.75, 0
0, 1348779,  10.31,   1.77, 0
0, 1349062,  10.32,   1.74, 0
0, 1349345,  10.32,   1.74, 0
0, 1349628,  10.35,   1.78, 0
0, 1349911,  10.32,   1.74, 0
0, 1350194,  10.31,   1.73, 0
0, 1350477,  10.30,   1.73, 0
0, 1350759,  10.31,   1.77, 0
0, 1351041,  10.32,   1.72, 0
0, 1351324,  10.33,   1.77, 0
0, 1351607,  10.30,   1.73, 0
0, 1351890,  10.31,   1.72, 0
0, 1352173,  10.31,   1.72, 0
0, 1352456,  10.31,   1.74, 0
0, 1352738,  10.31,   1.73, 0
0, 1353021,  10.31,   1.70, 0
0, 1353304,  10.31,   1.76, 0
0, 1353587,  10.31,   1.77, 0
0, 1353870,  10.31,   1.74, 0
0, 1354153,  10.31,   1.74, 0
0, 1354435,  10.32,   1.80, 0
0, 1354718,  10.31,   1.71, 0
0, 1355001,  10.29,   1.74, 0
0, 1355284,  10.32,   1.75, 0
0, 1355567,  10.33,   1.78, 0
0, 1355850,  10.33,   1.76, 0
0, 1356133,  10.32,   1.76, 0
0, 1356416,  10.32,   1.77, 0
0, 1356699,  10.32,   1.74, 0
0, 1356982,  10.32,   1.74, 0
0, 1357265,  10.31,   1.77, 0
0, 1357548,  10.31,   1.73, 0
0, 1357831,  10.31,   1.73, 0
0, 1358114,  10.30,   1.75, 0
0, 1358396,  10.30,   1.75, 0
0, 1358679,  10.33,   1.74, 0
0, 1358962,  10.32,   1.74, 0
0, 1359245,  10.33,   1.71, 0
0, 1359528,  10.33,   1.78, 0
0, 1359811,  10.32,   1.76, 0
0, 1360094,  10.32,   1.76, 0
0, 1360377,  10.31,   1.76, 0
0, 1360660,  10.33,   1.74, 0
0, 1360943,  10.31,   1.73, 0
0, 1361225,  10.32,   1.75, 0
0, 1361508,  10.32,   1.78, 0
0, 1361791,  10.32,   1.75, 0
0, 1362074,  10.30,   1.76, 0
0, 1362357,  10.32,   1.74, 0
0, 1362640,  10.33,   1.75, 0
0, 1362923,  10.31,   1.74, 0
0, 1363206,  10.32,   1.73, 0
0, 1363489,  10.34,   1.68, 0
0, 1363772,  10.31,   1.82, 0
0, 1364055,  10.31,   1.74, 0
0, 1364338,  10.32,   1.79, 0
0, 1364621,  10.31,   1.76, 0
0, 1364904,  10.31,   1.74, 0
0, 1365187,  10.31,   1.75, 0
0, 1365470,  10.31,   1.74, 0
0, 1365753,  10.31,   1.74, 0
0, 1366036,  10.30,   1.74, 0
0, 1366319,  10.31,   1.71, 0
0, 1366602,  10.31,   1.76, 0
0, 1366885,  10.31,   1.74, 0
0, 1367168,  10.30,   1.76, 0
0, 1367450,  10.29,   1.73, 0
0, 1367733,  10.31,   1.73, 0
0, 1368016,  10.31,   1.72, 0
0, 1368299,  10.32,   1.68, 0
0, 1368582,  10.32,   1.76, 0
0, 1368865,  10.31,   1.74, 0
0, 1369147,  10.31,   1.74, 0
0, 1369430,  10.31,   1.77, 0
0, 1369713,  10.33,   1.74, 0
0, 1369996,  10.30,   1.72, 0
0, 1370279,  10.31,   1.72, 0
0, 1370562,  10.30,   1.72, 0
0, 1370844,  10.33,   1.76, 0
0, 1371127,  10.31,   1.68, 0
0, 1371409,  10.30,   1.69, 0
0, 1371691,  10.31,   1.75, 0
0, 1371974,  10.31,   1.73, 0
0, 1372257,  10.30,   1.71, 0
0, 1372540,  10.35,   1.72, 0
0, 1372823,  10.35,   1.75, 0
0, 1373106,  10.31,   1.70, 0
0, 1373388,  10.31,   1.74, 0
0, 1373671,  10.30,   1.71, 0
0, 1373954,  10.32,   1.76, 0
0, 1374237,  10.29,   1.69, 0
0, 1374520,  10.30,   1.71, 0
0, 1374802,  10.32,   1.64, 0
0, 1375085,  10.27,   1.71, 0
0, 1375367,  10.32,   1.71, 0
0, 1375650,  10.33,   1.72, 0
0, 1375933,  10.41,   1.83, 0
0, 1376216,  10.33,   1.76, 0
0, 1376499,  10.33,   1.76, 0
0, 1376782,  10.33,   1.75, 0
0, 1377065,  10.32,   1.74, 0
0, 1377348,  10.32,   1.79, 0
0, 1377631,  10.33,   1.73, 0
0, 1377914,  10.35,   1.72, 0
0, 1378197,  10.33,   1.71, 0
0, 1378480,  10.34,   1.72, 0
0, 1378763,  10.32,   1.77, 0
0, 1379046,  10.33,   1.72, 0
0, 1379329,  10.31,   1.76, 0
0, 1379612,  10.35,   1.77, 0
0, 1379895,  10.31,   1.75, 0
0, 1380178,  10.32,   1.76, 0
0,   6368,  10.30,   1.73, 0
0,   6651,  10.30,   1.75, 0
0,   6933,  10.30,   1.74, 0
0,   7215,  10.30,   1.73, 0
0,   7497,  10.30,   1.75, 0
0,   7779,  10.29,   1.73, 0
0,   8061,  10.31,   1.76, 0
0,   8343,  10.21,  73.13, 0
0,   8626,  10.16,  28.28, 0
0,   8908,  10.24,   1.70, 0
0,   9421,  10.24,   6.08, 0
0,   9703,  10.08,   6.27, 0
0,   9985,  10.08,   2.96, 0
0,  10542,  10.07,   2.71, 0
0,  10824,  10.10,   3.17, 0
0,  11106,  10.00,   1.73, 0
0,  11832,  10.08,   0.43, 0
0,  12114,  10.09,   2.23, 0
0,  12396,  10.11,   1.89, 0
0,  12934,  10.10,   3.23, 0
0,  13216,  10.10,   1.64, 0
0,  13957,  10.10,   7.07, 0
0,  14239,  10.15,  15.29, 0
0,  14521,  10.23,  64.16, 0
0,  14804,  10.45,  34.88, 0
0,  15086,  10.23,  26.81, 0
0,  15368,  10.12,   8.34, 0
0,  15650,  10.17,  12.87, 0
0,  15932,  10.15,   9.63, 0
0,  16214,  10.20,   5.21, 0
0,  16496,  10.17,   3.77, 0
0,  16778,   9.95,  32.61, 0
0,  17060,  10.44,  12.75, 0
0,  17597,  10.30,  14.70, 0
0,  17879,  10.23,   3.72, 0
0,  18161,  10.30,  17.02, 0
0,  18444,  10.19,  10.39, 0
0,  19058,  10.20,   5.98, 0
0,  19341,  10.27,  16.21, 0
0,  19623,   9.98,  28.03, 0
0,  20294,  10.28,  11.35, 0
0,  20576,  10.23,  11.77, 0
0,  20859,  10.25,   6.32, 0
0,  21372,  10.26,   6.46, 0
0,  21654,  10.28,   5.23, 0
0,  21936,  10.30,   5.61, 0
0,  22509,  10.27,   2.97, 0
0,  22791,  10.35,  14.69, 0
0,  23074,  10.29,   2.30, 0
0,  23356,  10.28,   1.81, 0
0,  23638,  10.31,   1.79, 0
0,  23920,  10.28,   1.76, 0
0,  24202,  10.31,   1.77, 0
0,  24484,  10.31,   1.76, 0
0,  24766,  10.30,   1.75, 0
0,  25048,  10.29,   1.77, 0
0,  25330,  10.30,   1.70, 0
0,  25612,  10.29,   1.66, 0
0,  25894,  10.26,   1.79, 0
0,  26176,  10.30,   1.76, 0
0,  26458,  10.27,   1.72, 0
0,  26740,  10.31,   1.76, 0
0,  27022,  10.31,   1.72, 0
0,  27304,  10.28,   1.77, 0
0,  27586,  10.31,   1.73, 0
0,  27868,  10.29,   1.74, 0
0,  28150,  10.28,   1.77, 0
0,  28432,  10.29,   1.74, 0
0,  28714,  10.29,   1.78, 0
0,  28996,  10.31,   1.75, 0
0,  29278,  10.30,   1.75, 0
0,  29560,  10.29,   1.76, 0
0,  29842,  10.30,   1.76, 0
0,  30124,  10.29,   1.76, 0
0,  30406,  10.30,   1.75, 0
0,  30688,  10.29,   1.76, 0
0,  30970,  10.30,   1.76, 0
0,  31252,  10.30,   1.74, 0
0,  31534,  10.30,   1.76, 0
0,  31816,  10.30,   1.77, 0
0,  32098,  10.65,  55.84, 0
0,  32381,   9.54,  24.71, 0
0,  32663,   9.77,  35.31, 0
0,  32945,  10.29,  19.55, 0
0,  33227,  10.49,   9.51, 0
0,  33509,   9.84,  29.02, 0
0,  33791,  10.41,  43.58, 0
0,  34074,  10.64,  17.26, 0
0,  34357,   9.53,  30.38, 0
0,  34639,  10.15,  27.32, 0
0,  34921,  10.52,  18.92, 0
0,  35204,  10.51,   9.23, 0
0,  35486,   9.88,   2.25, 0
0,  35768,  10.55,  22.68, 0
0,  36051,  10.13,  12.82, 0
0,  36333,  10.16,  10.51, 0
0,  36616,  10.22,  12.05, 0
0,  36899,  10.25,   9.89, 0
0,  37181,  10.29,   5.93, 0
0,  37463,  10.15,  20.44, 0
0,  37746,  10.09,  27.18, 0
0,  38028,  10.21,  35.24, 0
0,  38311,  10.33,  15.97, 0
0,  38594,  10.07,  32.17, 0
0,  38877,  10.17,  14.75, 0
0,  39160,  10.27,  16.74, 0
0,  39442,  10.28,   9.12, 0
0,  39724,  10.17,   5.36, 0
0,  40006,  10.31,   2.47, 0
0,  40288,  10.24,   4.84, 0
0,  40570,  10.25,   1.21, 0
0,  40852,   9.91,  15.67, 0
0,  41134,  10.68,  59.95, 0
0,  41416,  10.37,  11.95, 0
0,  41699,  10.08,  25.46, 0
0,  41982,  10.18,   7.91, 0
0,  42264,  10.28,   6.49, 0
0,  42546,  10.72,  12.55, 0
0,  42829,  10.46,  28.62, 0
0,  43112,  10.10,  25.61, 0
0,  43394,  10.20,  16.83, 0
0,  43677,  10.17,   8.80, 0
0,  43959,  10.20,  10.21, 0
0,  44241,  10.29,  10.61, 0
0,  44523,  10.42,   1.15, 0
0,  44805,  10.20,   4.35, 0
0,  45087,  10.10,   4.74, 0
0,  45369,  10.21,   3.27, 0
0,  45651,  10.22,   3.34, 0
0,  45933,  10.17,   3.60, 0
0,  46215,  10.24,   6.40, 0
0,  46497,  10.22,   3.44, 0
0,  46779,  10.17,   4.29, 0
0,  47061,  10.24,   5.37, 0
0,  47343,  10.16,   2.71, 0
0,  47625,  10.20,   6.23, 0
0,  47907,  10.12,   1.15, 0
0,  48189,  10.21,   2.86, 0
0,  48471,  10.20,   2.78, 0
0,  48753,  10.23,   2.50, 0
0,  49035,  10.19,   0.68, 0
0,  49317,  10.21,   2.23, 0
0,  49599,  10.20,   3.51, 0
0,  49881,  10.20,   1.80, 0
0,  50163,  10.19,   2.36, 0
0,  50445,  10.19,   1.86, 0
0,  50727,  10.20,   1.62, 0
0,  51009,  10.20,   1.69, 0
0,  51291,  10.20,   1.69, 0
0,  51573,  10.19,   2.03, 0
0,  51855,  10.20,   2.05, 0
0,  52137,  10.19,   1.98, 0
0,  52419,  10.21,   1.88, 0
0,  52701,  10.19,   1.74, 0
0,  52983,  10.21,   1.92, 0
0,  53265,  10.21,   1.65, 0
0,  53547,  11.22,  14.15, 0
1,  53830,   4.79, 124.41, 0
1,  54086,  10.75,  81.83, 0
1,  54369,  10.22,  14.30, 0
1,  54652,  10.23,   6.69, 0
0,  54907,  10.27,   5.82, 0
0,  55189,  10.41,  13.52, 0
0,  55472,  10.12,  18.14, 0
0,  55754,  10.19,  13.07, 0
0,  56037,  10.12,  14.73, 0
0,  56319,  10.22,  14.01, 0
0,  56601,  10.45,   9.55, 0
0,  56883,  13.49,  77.40, 0
0,  57166,   8.35,  89.79, 0
1,  57422,   5.07,  86.55, 0
1,  57704,  12.30,  23.31, 0
1,  57986,  10.46,   6.87, 0
1,  58268,  10.26,   4.65, 0
0,  58523,  10.22,   2.85, 0
0,  58805,  10.32,   3.71, 0
0,  59087,  11.33,  30.32, 0
0,  59369,  10.12,  27.81, 0
0,  59652,  11.79,  45.94, 0
0,  59935,   8.52,  54.30, 0
0,  60217,   8.60,  61.79, 0
0,  60499,  11.39,  24.64, 0
0,  60782,  11.05, 101.71, 0
0,  61064,  10.65,  30.12, 0
0,  61347,  10.30,  22.14, 0
0,  61630,  10.75,  68.95, 0
0,  61913,  10.32,  22.93, 0
0,  62196,  10.32,   9.98, 0
0,  62478,  10.31,   1.81, 0
0,  62760,  10.30,   1.74, 0
0,  63042,  10.14,   3.75, 0
0,  63324,  10.31,   1.90, 0
0,  63606,  10.34,   1.84, 0
0,  63888,  10.33,   1.85, 0
0,  64170,  10.30,   2.40, 0
0,  64452,  10.28,   2.09, 0
0,  64734,  10.31,   1.85, 0
0,  65016,  10.31,   1.85, 0
0,  65298,  10.29,   1.82, 0
0,  65580,  10.30,   1.75, 0
0,  65862,  10.29,   1.76, 0
0,  66144,  10.27,   1.75, 0
0,  66426,  10.31,   1.80, 0
0,  66708,  10.30,   1.80, 0
0,  66990,  10.31,   1.78, 0
0,  67272,  10.29,   1.72, 0
0,  67554,  10.29,   1.76, 0
0,  67836,  10.28,   1.71, 0
0,  68118,  10.31,   1.76, 0
0,  68400,  10.32,   1.65, 0
0,  68682,  10.25,  13.65, 0
0,  68964,  10.27,   1.68, 0
0,  69246,  10.31,   1.68, 0
0,  69528,  10.31,   4.00, 0
0,  69810,  10.27,   1.73, 0
0,  70092,  10.27,   1.78, 0
0,  70374,  10.31,   1.77, 0
0,  70656,  10.31,   1.79, 0
0,  70938,  10.30,   1.77, 0
0,  71220,  10.29,   1.80, 0
0,  71502,  10.29,   1.75, 0
0,  71784,  10.29,   1.79, 0
0,  72066,  10.29,   1.79, 0
0,  72348,  10.32,   1.92, 0
0,  72630,  10.30,   1.79, 0
0,  72912,  10.31,   1.79, 0
0,  73194,  10.29,   1.87, 0
0,  73476,  10.29,   1.81, 0
0,  73758,  10.31,   1.77, 0
0,  74040,  10.29,   1.76, 0
0,  74322,  10.28,   1.76, 0
0,  74604,  10.31,   1.76, 0
0,  74886,  10.30,   1.75, 0
0,  75168,  10.30,   1.78, 0
0,  75450,  10.28,   1.77, 0
0,  75732,  10.28,   1.76, 0
0,  76014,  10.30,   1.75, 0
0,  76296,  10.29,   1.76, 0
0,  76578,  10.31,   1.80, 0
0,  76860,  10.30,   1.80, 0
0,  77142,  10.29,   1.80, 0
0,  77424,  10.31,   1.23, 0
0,  77706,  10.29,   1.78, 0
0,  77988,  10.30,   1.82, 0
0,  78270,  10.28,   1.76, 0
0,  78552,  10.29,   1.76, 0
0,  78834,  10.29,   2.12, 0
0,  79116,  10.25,   2.03, 0
0,  79398,  10.35,   2.00, 0
0,  79680,  10.30,   1.79, 0
0,  79962,  10.29,   1.81, 0
0,  80244,  10.26,   1.79, 0
0,  80526,  10.28,   1.73, 0
0,  80808,  10.28,   1.78, 0
0,  81090,  10.29,   1.75, 0
0,  81372,  10.28,   1.61, 0
0,  81654,  10.31,   1.75, 0
0,  81936,  10.29,   1.80, 0
0,  82218,  10.18,   1.69, 0
0,  82500,  10.20,   1.88, 0
0,  82782,  10.28,   1.93, 0
0,  83064,  10.28,   1.79, 0
0,  83346,  10.31,   1.72, 0
0,  83628,  10.31,   1.76, 0
0,  83910,  10.31,   1.77, 0
0,  84192,  10.30,   1.79, 0
0,  84474,  10.30,   1.78, 0
0,  84756,  10.28,   1.73, 0
0,  85038,  10.27,   1.70, 0
0,  85320,  10.30,   1.74, 0
0,  85602,  10.31,   1.55, 0
0,  85884,  10.26,   1.80, 0
0,  86166,  10.28,   1.81, 0
0,  86448,  10.33,   6.82, 0
0,  86730,  10.35,   2.61, 0
0,  87012,  10.20,   2.14, 0
0,  87294,  10.27,   1.59, 0
0,  87576,  10.29,   1.80, 0
0,  87858,  10.32,   1.83, 0
0,  88140,  10.23,   1.41, 0
0,  88422,  10.20,   2.43, 0
0,  88704,  10.28,   1.80, 0
0,  88986,  10.30,   1.77, 0
0,  89268,  10.22,   1.77, 0
0,  89550,  10.38,   1.73, 0
0,  89832,  10.27,   1.68, 0
0,  90114,  10.29,   1.78, 0
0,  90396,  10.31,   1.78, 0
0,  90678,  10.27,   1.89, 0
0,  90960,  10.31,   1.80, 0
0,  91242,  10.29,   1.77, 0
0,  91524,  10.28,   1.75, 0
0,  91806,  10.29,   1.77, 0
0,  92088,  10.30,   1.80, 0
0,  92370,  10.28,   1.77, 0
0,  92652,  10.29,   1.77, 0
0,  92934,  10.29,   1.78, 0
0,  93216,  10.31,   1.74, 0
0,  93498,  10.31,   1.76, 0
0,  93780,  10.29,   1.74, 0
0,  94062,  10.29,   1.81, 0
0,  94344,  10.30,   1.77, 0
0,  94626,  10.29,   1.72, 0
0,  94908,  10.31,   1.72, 0
0,  95190,  10.26,   1.73, 0
0,  95472,  10.30,   1.75, 0
0,  95754,  10.30,   1.73, 0
0,  96036,  10.29,   1.73, 0
0,  96318,  10.29,   1.78, 0
0,  96600,  10.30,   1.74, 0
0,  96882,  10.31,   1.76, 0
0,  97164,  10.31,   1.76, 0
0,  97446,  10.31,   1.77, 0
0,  97728,  10.28,   1.88, 0
0,  98010,  10.30,   1.80, 0
0,  98292,  10.30,   1.70, 0
0,  98574,  10.30,   1.95, 0
0,  98856,  10.30,   1.78, 0
0,  99138,  10.30,   1.78, 0
0,  99420,  10.28,   1.78, 0
0,  99702,  10.30,   1.79, 0
0,  99984,  10.16,   3.36, 0
0, 100266,  10.26,   1.87, 0
0, 100548,  10.27,   1.42, 0
0, 100830,  10.25,   1.72, 0
0, 101112,  10.30,   1.76, 0
0, 101394,  10.30,   1.74, 0
0, 101676,  10.31,   1.77, 0
0, 101958,  10.30,   1.76, 0
0, 102240,  10.28,   1.78, 0
0, 102522,  10.28,   1.78, 0
0, 102804,  10.29,   1.76, 0
0, 103086,  10.29,   1.75, 0
0, 103368,  10.30,   1.80, 0
0, 103650,  10.28,   1.76, 0
0, 103932,  10.30,   1.78, 0
0, 104214,  10.32,   1.93, 0
0, 104496,  10.22,   1.79, 0
0, 104778,  10.30,   1.81, 0
0, 105060,  10.29,   1.77, 0
0, 105342,  10.26,   1.76, 0
0, 105624,  10.31,   1.79, 0
0, 105906,  10.31,   1.77, 0
0, 106188,  10.29,   1.72, 0
0, 106470,  10.31,   1.75, 0
0, 106752,  10.31,   1.81, 0
0, 107034,  10.31,   1.79, 0
0, 107316,  10.31,   1.78, 0
0, 107598,  10.33,   1.79, 0
0, 107880,  10.34,   1.75, 0
0, 108162,  10.27,   1.75, 0
0, 108444,  10.37,   1.64, 0
0, 108726,  10.30,   1.70, 0
0, 109008,  10.28,   1.73, 0
0, 109290,  10.31,   1.78, 0
0, 109572,  10.30,   1.77, 0
0, 109854,  10.23,   1.83, 0
0, 110136,  10.27,   1.88, 0
0, 110418,  10.32,   1.88, 0
0, 110700,  10.30,   1.81, 0
0, 110982,  10.29,   1.76, 0
0, 111264,  10.29,   1.77, 0
0, 111546,  10.29,   1.75, 0
0, 111828,  10.31,   1.82, 0
0, 112110,  10.30,   1.59, 0
0, 112392,  10.28,   1.76, 0
0, 112674,  10.26,   1.77, 0
0,   7343,  10.25,   2.03, 0
0,   7596,  10.24,   2.02, 0
0,   7848,  10.25,   2.03, 0
0,   8100,  10.24,   2.04, 0
0,   8352,  10.23,   2.02, 0
0,   8604,  10.23,   2.05, 0
0,   8856,  10.23,   2.04, 0
0,   9108,  10.23,   2.03, 0
0,   9360,  10.24,   2.04, 0
0,   9612,  10.24,   2.06, 0
0,   9864,  10.24,   2.03, 0
0,  10116,  10.24,   2.07, 0
0,  10368,  10.24,   2.07, 0
0,  10620,  10.24,   2.02, 0
0,  10872,  10.24,   2.09, 0
0,  11124,  10.24,   2.04, 0
0,  11376,  10.25,   1.99, 0
0,  11628,  10.24,   2.06, 0
0,  11880,  10.24,   2.05, 0
0,  12132,  10.24,   2.04, 0
0,  12384,  10.24,   2.09, 0
0,  12636,  10.23,   2.03, 0
0,  12888,  10.23,   2.06, 0
0,  13140,  10.25,   2.03, 0
0,  13392,  10.24,   2.03, 0
0,  13644,  10.25,   2.04, 0
0,  13896,  10.23,   1.99, 0
0,  14148,  10.24,   2.06, 0
0,  14400,  10.24,   2.08, 0
0,  14652,  10.24,   2.02, 0
0,  14904,  10.25,   2.04, 0
0,  15156,  10.20,   1.98, 0
0,  15408,  10.25,   2.06, 0
0,  15660,  10.24,   2.20, 0
0,  15912,  10.18,   2.18, 0
0,  16164,  10.21,   2.02, 0
0,  16416,  10.25,   1.99, 0
0,  16668,  10.23,   2.07, 0
0,  16920,  10.25,   2.07, 0
0,  17172,  10.24,   2.05, 0
0,  17424,  10.24,   2.04, 0
0,  17676,  10.23,   2.05, 0
0,  17928,  10.25,   2.04, 0
0,  18180,  10.24,   2.04, 0
0,  18432,  10.27,   2.02, 0
0,  18684,  10.25,   2.07, 0
0,  18936,  10.25,   2.01, 0
0,  19188,  10.23,   2.05, 0
0,  19440,  10.24,   2.03, 0
0,  19692,  10.24,   2.05, 0
0,  19944,  10.24,   2.04, 0
0,  20196,  10.26,   2.02, 0
0,  20448,  10.21,   2.12, 0
0,  20700,  10.23,   2.06, 0
0,  20952,  10.23,   2.44, 0
0,  21204,  10.24,   2.09, 0
0,  21456,  10.24,   2.03, 0
0,  21708,  10.22,   2.05, 0
0,  21960,  10.22,   2.05, 0
0,  22212,  10.24,   2.04, 0
0,  22464,  10.24,   2.04, 0
0,  22716,  10.24,   2.03, 0
0,  22968,  10.24,   2.04, 0
0,  23220,  10.24,   2.02, 0
0,  23472,  10.24,   2.05, 0
0,  23724,  10.24,   2.04, 0
0,  23976,  10.24,   2.04, 0
0,  24228,  10.24,   2.02, 0
0,  24480,  10.24,   2.04, 0
0,  24732,  10.24,   2.04, 0
0,  24984,  10.24,   2.04, 0
0,  25236,  10.24,   2.05, 0
0,  25488,  10.24,   2.05, 0
0,  25740,  10.23,   2.02, 0
0,  25992,  10.24,   2.04, 0
0,  26244,  10.24,   2.06, 0
0,  26496,  10.24,   2.04, 0
0,  26748,  10.24,   2.05, 0
0,  27000,  10.24,   2.04, 0
0,  27252,  10.24,   2.05, 0
0,  27504,  10.24,   2.03, 0
0,  27756,  10.24,   2.05, 0
0,  28008,  10.24,   2.07, 0
0,  28260,  10.24,   2.07, 0
0,  28512,  10.23,   2.07, 0
0,  28764,  10.24,   2.01, 0
0,  29016,  10.24,   2.02, 0
0,  29268,  10.24,   2.03, 0
0,  29520,  10.17,   2.04, 0
0,  29772,  10.25,   1.94, 0
0,  30024,  10.25,   2.02, 0
0,  30276,  10.25,   2.02, 0
0,  30528,  10.23,   2.05, 0
0,  30780,  10.23,   2.03, 0
0,  31032,  10.22,   2.02, 0
0,  31284,  10.23,   2.04, 0
0,  31536,  10.24,   2.07, 0
0,  31788,  10.22,   2.00, 0
0,  32040,  10.37,   2.00, 0
0,  32292,  10.26,   2.05, 0
0,  32544,  10.24,   2.07, 0
0,  32796,  10.24,   2.04, 0
0,  33048,  10.24,   1.99, 0
0,  33300,  10.25,   2.03, 0
0,  33552,  10.24,   2.03, 0
0,  33804,  10.21,   2.02, 0
0,  34056,  10.24,   2.04, 0
0,  34308,  10.23,   2.04, 0
0,  34560,  10.23,   2.03, 0
0,  34812,  10.24,   2.04, 0
0,  35064,  10.23,   2.03, 0
0,  35316,  10.25,   2.02, 0
0,  35568,  10.24,   2.01, 0
0,  35820,  10.23,   2.01, 0
0,  36072,  10.24,   2.02, 0
0,  36324,  10.24,   2.04, 0
0,  36576,  10.25,   2.01, 0
0,  36828,  10.26,   2.02, 0
0,  37080,  10.25,   2.01, 0
0,  37332,  10.24,   2.07, 0
0,  37584,  10.24,   2.03, 0
0,  37836,  10.23,   2.04, 0
0,  38088,  10.25,   2.04, 0
0,  38340,  10.21,   2.07, 0
0,  38592,  10.23,   2.05, 0
0,  38844,  10.24,   2.00, 0
0,  39096,  10.24,   2.04, 0
0,  39348,  10.24,   2.03, 0
0,  39600,  10.22,   2.03, 0
0,  39852,  10.21,   2.04, 0
0,  40104,  10.23,   2.07, 0
0,  40356,  10.26,   2.06, 0
0,  40608,  10.24,   2.01, 0
0,  40860,  10.22,   2.07, 0
0,  41112,  10.26,   2.07, 0
0,  41364,  10.26,   1.96, 0
0,  41616,  10.24,   2.01, 0
0,  41868,  10.24,   2.03, 0
0,  42120,  10.24,   1.99, 0
0,  42372,  10.24,   2.05, 0
0,  42624,  10.25,   1.98, 0
0,  42876,  10.21,   2.02, 0
0,  43128,  10.23,   2.07, 0
0,  43380,  10.24,   2.07, 0
0,  43632,  10.23,   2.05, 0
0,  43884,  10.24,   2.03, 0
0,  44136,  10.24,   2.03, 0
0,  44388,  10.23,   2.06, 0
0,  44640,  10.23,   2.04, 0
0,  44892,  10.24,   1.82, 0
0,  45144,  10.25,   2.13, 0
0,  45396,  10.25,   2.04, 0
0,  45648,  10.24,   1.98, 0
0,  45900,  10.24,   2.02, 0
0,  46152,  10.24,   2.08, 0
0,  46404,  10.24,   2.08, 0
0,  46656,  10.26,   2.01, 0
0,  46908,  10.25,   2.02, 0
0,  47160,  10.25,   2.02, 0
0,  47412,  10.27,   2.07, 0
0,  47664,  10.25,   2.07, 0
0,  47916,  10.24,   2.04, 0
0,  48168,  10.24,   2.00, 0
0,  48420,  10.21,   2.02, 0
0,  48672,  10.23,   2.00, 0
0,  48924,  10.24,   2.02, 0
0,  49176,  10.25,   2.02, 0
0,  49428,  10.24,   2.05, 0
0,  49680,  10.14,   2.03, 0
0,  49932,  10.24,   2.01, 0
0,  50184,  10.24,   2.00, 0
0,  50436,  10.25,   2.00, 0
0,  50688,  10.23,   2.03, 0
0,  50940,  10.25,   2.03, 0
0,  51192,  10.24,   2.04, 0
0,  51444,  10.25,   2.05, 0
0,  51696,  10.23,   2.06, 0
0,  51948,  10.24,   2.02, 0
0,  52200,  10.24,   2.03, 0
0,  52452,  10.23,   2.04, 0
0,  52704,  10.24,   2.06, 0
0,  52956,  10.24,   2.01, 0
0,  53208,  10.25,   2.07, 0
0,  53460,  10.24,   2.03, 0
0,  53712,  10.25,   2.02, 0
0,  53964,  10.22,   2.10, 0
0,  54216,  10.22,   2.10, 0
0,  54468,  10.28,   1.98, 0
0,  54720,  10.25,   1.98, 0
0,  54972,  10.25,   2.06, 0
0,  55224,  10.23,   2.01, 0
0,  55476,  10.23,   2.04, 0
0,  55728,  10.25,   2.02, 0
0,  55980,  10.25,   2.01, 0
0,  56232,  10.25,   2.01, 0
0,  56484,  10.23,   1.99, 0
0,  56736,  10.25,   2.03, 0
0,  56988,  10.25,   2.03, 0
0,  57240,  10.25,   2.01, 0
0,  57492,  10.25,   2.03, 0
0,  57744,  10.24,   2.02, 0
0,  57996,  10.23,   2.02, 0
0,  58248,  10.24,   2.02, 0
0,  58500,  10.29,   1.99, 0
0,  58752,  10.25,   1.99, 0
0,  59004,  10.22,   2.04, 0
0,  59256,  10.24,   2.03, 0
0,  59508,  10.23,   2.00, 0
0,  59760,  10.24,   2.07, 0
0,  60012,  10.23,   1.97, 0
0,  60264,  10.23,   2.03, 0
0,  60516,  10.24,   2.02, 0
0,  60768,  10.23,   2.05, 0
0,  61020,  10.26,   2.00, 0
0,  61272,  10.26,   2.02, 0
0,  61524,  10.24,   2.04, 0
0,  61776,  10.20,   1.97, 0
0,  62028,  10.31,   2.02, 0
0,  62280,  10.26,   1.98, 0
0,  62532,  10.26,   1.94, 0
0,  62784,  10.26,   2.12, 0
0,  63036,  10.24,   2.01, 0
0,  63288,  10.25,   1.97, 0
0,  63540,  10.27,   1.96, 0
0,  63792,  10.24,   2.01, 0
0,  64044,  10.24,   2.09, 0
0,  64296,  10.27,   1.99, 0
0,  64548,  10.26,   2.00, 0
0,  64800,  10.27,   2.00, 0
0,  65052,  10.27,   2.09, 0
0,  65304,  10.26,   2.03, 0
0,  65556,  10.29,   2.01, 0
0,  65808,  10.27,   1.95, 0
0,  66060,  10.26,   2.08, 0
0,  66312,  10.26,   2.10, 0
0,  66564,  10.26,   2.05, 0
0,  66816,  10.25,   2.02, 0
0,  67068,  10.26,   2.01, 0
0,  67320,  10.26,   1.99, 0
0,  67572,  10.26,   1.98, 0
0,  67824,  10.25,   1.98, 0
0,  68076,  10.24,   2.01, 0
0,  68328,  10.00,   2.14, 0
0,  68580,  10.25,   2.01, 0
0,  68832,  10.25,   1.92, 0
0,  69084,  10.25,   1.98, 0
0,  69336,  10.26,   1.99, 0
0,  69588,  10.24,   1.97, 0
0,  69840,  10.25,   2.01, 0
0,  70092,  10.25,   2.02, 0
0,  70344,  10.24,   1.99, 0
0,  70596,  10.26,   1.98, 0
0,  70848,  10.26,   2.01, 0
0,  71100,  10.26,   1.99, 0
0,  71352,  10.25,   2.03, 0
0,  71604,  10.24,   2.43, 0
0,  71856,  10.26,   2.05, 0
0,  72108,  10.24,   2.00, 0
0,  72360,  10.26,   2.03, 0
0,  72612,  10.23,   2.02, 0
0,  72864,  10.24,   2.04, 0
0,  73116,  10.24,   2.05, 0
0,  73368,  10.24,   2.01, 0
0,  73620,  10.24,   1.99, 0
0,  73872,  10.25,   2.02, 0
0,  74124,  10.24,   2.01, 0
0,  74376,  10.24,   2.00, 0
0,  74628,  10.25,   1.97, 0
0,  74880,  10.26,   1.99, 0
0,  75132,  10.25,   1.97, 0
0,  75384,  10.24,   2.00, 0
0,  75636,  10.24,   1.99, 0
0,  75888,  10.25,   1.98, 0
0,  76140,  10.25,   1.99, 0
0,  76392,  10.25,   1.99, 0
0,  76644,  10.27,   1.98, 0
0,  76896,  10.28,   2.01, 0
0,  77148,  10.26,   2.05, 0
0,  77400,  10.28,   2.00, 0
0,  77652,  10.26,   1.99, 0
0,  77904,  10.25,   1.98, 0
0,  78156,  10.24,   2.00, 0
0,  78408,  10.24,   1.99, 0
0,  78660,  10.25,   1.97, 0
0,  78912,  10.25,   1.99, 0
0,  79164,  10.24,   1.98, 0
0,  79416,  10.24,   2.00, 0
0,  79668,  10.24,   2.00, 0
0,  79920,  10.24,   1.98, 0
0,  80172,  10.25,   1.96, 0
0,  80424,  10.25,   1.95, 0
0,  80676,  10.26,   1.96, 0
0,  80928,  10.21,   1.92, 0
0,  81180,  10.24,   1.94, 0
0,  81432,  10.19,   1.96, 0
0,  81684,  10.23,   2.01, 0
0,  81936,  10.23,   1.99, 0
0,  82188,  10.01,   1.98, 0
0,  82440,  10.21,   2.00, 0
0,  82692,  10.27,   1.97, 0
0,  82944,  10.28,   1.81, 0
0,  83196,  10.26,   1.84, 0
0,  83448,  10.21,   2.06, 0
0,  83700,  10.25,   2.02, 0
0,  83952,  10.25,   1.97, 0
0,  84204,  10.25,   1.97, 0
0,  84456,  10.27,   1.99, 0
0,  84708,  10.24,   1.96, 0
0,  84960,  10.23,   1.99, 0
0,  85212,  10.25,   2.00, 0
0,  85464,  10.24,   1.98, 0
0,  85716,  10.24,   1.98, 0
0,  85968,  10.24,   1.98, 0
0,  86220,  10.25,   1.98, 0
0,  86472,  10.24,   2.01, 0
0,  86724,  10.25,   1.99, 0
0,  86976,  10.24,   1.99, 0
0,  87228,  10.24,   1.98, 0
0,  87480,  10.24,   1.97, 0
0,  87732,  10.24,   1.98, 0
0,  87984,  10.24,   1.97, 0
0,  88236,  10.26,   1.96, 0
0,  88488,  10.24,   1.97, 0
0,  88740,  10.25,   1.97, 0
0,  88992,  10.25,   2.00, 0
0,  89244,  10.24,   1.97, 0
0,  89496,  10.23,   2.00, 0
0,  89748,  10.25,   1.99, 0
0,  90000,  10.25,   2.02, 0
0,  90252,  10.24,   1.99, 0
0,  90504,  10.25,   1.97, 0
0,  90756,  10.25,   1.96, 0
0,  91008,  10.25,   1.98, 0
0,  91260,  10.25,   1.98, 0
0,  91512,  10.24,   1.98, 0
0,  91764,  10.24,   1.97, 0
0,  92016,  10.23,   1.98, 0
0,  92268,  10.24,   1.98, 0
0,  92520,  10.24,   1.97, 0
0,  92772,  10.24,   2.00, 0
0,  93024,  10.24,   2.00, 0
0,  93276,  10.24,   1.97, 0
0,  93528,  10.25,   1.98, 0
0,  93780,  10.25,   1.98, 0
0,  94032,  10.24,   1.98, 0
0,  94284,  10.24,   1.95, 0
0,  94536,  10.24,   1.96, 0
0,  94788,  10.23,   1.96, 0
0,  95040,  10.25,   1.92, 0
0,  95292,  10.24,   2.02, 0
0,  95544,  10.23,   1.97, 0
0,  95796,  10.32,   1.80, 0
0,  96048,  10.21,   1.95, 0
0,  96300,  10.25,   1.99, 0
0,  96552,  10.26,   1.94, 0
0,  96804,  10.25,   1.98, 0
0,  97056,  10.26,   1.92, 0
0,  97308,  10.23,   1.99, 0
0,  97560,  10.22,   2.06, 0
0,  97812,  10.26,   2.04, 0
0,  98064,  10.25,   1.93, 0
0,  98316,  10.30,   2.09, 0
0,  98568,  10.31,   2.02, 0
0,  98820,  10.26,   1.96, 0
0,  99072,  10.25,   1.98, 0
0,  99324,  10.23,   2.03, 0
0,  99576,  10.25,   2.06, 0
0,  99828,  10.26,   2.02, 0
0, 100080,  10.25,   2.01, 0
0, 100332,  10.26,   1.98, 0
0, 100584,  10.25,   1.96, 0
0, 100836,  10.25,   1.97, 0
0, 101088,  10.25,   1.97, 0
0, 101340,  10.25,   1.97, 0
0, 101592,  10.25,   1.97, 0
0, 101844,  10.25,   1.98, 0
0, 102096,  10.25,   1.99, 0
0, 102348,  10.24,   1.95, 0
0, 102600,  10.21,   1.93, 0
0, 102852,  10.23,   1.85, 0
0, 103104,  10.24,   1.95, 0
0, 103356,  10.29,   2.00, 0
0, 103608,  10.26,   1.93, 0
0, 103860,  10.26,   1.97, 0
0, 104112,  10.25,   1.94, 0
0, 104364,  10.25,   1.94, 0
0, 104616,  10.24,   1.95, 0
0, 104868,  10.29,   2.04, 0
0, 105120,  10.27,   2.01, 0
0, 105372,  10.24,   1.99, 0
0, 105624,  10.25,   1.99, 0
0, 105876,  10.25,   1.97, 0
0, 106128,  10.25,   1.97, 0
0, 106380,  10.24,   1.97, 0
0, 106632,  10.25,   1.97, 0
0, 106884,  10.24,   1.97, 0
0, 107136,  10.24,   1.95, 0
0, 107388,  10.24,   1.97, 0
0, 107640,  10.24,   1.98, 0
0, 107892,  10.27,   1.94, 0
0, 108144,  10.24,   1.96, 0
0, 108396,  10.25,   1.94, 0
0, 108648,  10.27,   1.99, 0
0, 108900,  10.20,   2.05, 0
0, 109152,  10.22,   1.95, 0
0, 109404,  10.27,   1.94, 0
0, 109656,  10.23,   1.94, 0
0, 109908,  10.19,   1.63, 0
0, 110160,  10.25,   1.80, 0
0, 110412,  10.26,   1.88, 0
0, 110664,  10.27,   1.95, 0
0, 110916,  10.24,   1.98, 0
0, 111168,  10.24,   1.98, 0
0, 111420,  10.26,   1.91, 0
0, 111672,  10.25,   2.05, 0
0, 111924,  10.24,   1.98, 0
0, 112176,  10.26,   1.94, 0
0, 112428,  10.24,   1.99, 0
0, 112680,  10.21,   2.02, 0
0, 112932,  10.25,   1.91, 0
0, 113184,  10.24,   1.94, 0
0, 113436,  10.24,   1.96, 0
0, 113688,  10.24,   1.94, 0
0, 113940,  10.26,   1.98, 0
0, 114192,  10.24,   2.00, 0
0, 114444,  10.26,   2.00, 0
0, 114696,  10.26,   1.89, 0
0, 114948,  10.24,   1.97, 0
0, 115200,  10.25,   1.96, 0
0, 115452,  10.26,   1.94, 0
0, 115704,  10.25,   1.95, 0
0, 115956,  10.26,   1.97, 0
0, 116208,  10.23,   1.96, 0
0, 116460,  10.25,   1.96, 0
0, 116712,  10.25,   1.99, 0
0, 116964,  10.24,   1.92, 0
0, 117216,  10.24,   2.00, 0
0, 117468,  10.27,   1.96, 0
0, 117720,  10.26,   1.93, 0
0, 117972,  10.25,   1.99, 0
0, 118224,  10.26,   2.01, 0
0, 118476,  10.24,   2.01, 0
0, 118728,  10.24,   1.96, 0
0, 118980,  10.28,   1.97, 0
0, 119232,  10.25,   1.98, 0
0, 119484,  10.26,   1.99, 0
0, 119736,  10.24,   1.97, 0
0, 119988,  10.24,   1.93, 0
0, 120240,  10.25,   1.95, 0
0, 120492,  10.26,   1.97, 0
0, 120744,  10.24,   1.96, 0
0, 120996,  10.25,   1.96, 0
0, 121248,  10.25,   1.96, 0
0, 121500,  10.22,   2.03, 0
0, 121752,  10.27,   1.97, 0
0, 122004,  10.23,   1.90, 0
0, 122256,  10.24,   1.94, 0
0, 122508,  10.24,   1.98, 0
0, 122760,  10.25,   1.94, 0
0, 123012,  10.25,   1.95, 0
0, 123264,  10.26,   1.98, 0
0, 123516,  10.25,   1.94, 0
0, 123768,  10.26,   1.93, 0
0, 124020,  10.24,   1.98, 0
0, 124272,  10.24,   2.00, 0
0, 124524,  10.25,   1.95, 0
0, 124776,  10.25,   1.96, 0
0, 125028,  10.26,   1.92, 0
0, 125280,  10.25,   1.96, 0
0, 125532,  10.25,   1.98, 0
0, 125784,  10.25,   1.93, 0
0, 126036,  10.25,   1.96, 0
0, 126288,  10.25,   1.94, 0
0, 126540,  10.25,   1.96, 0
0, 126792,  10.25,   1.94, 0
0, 127044,  10.26,   1.94, 0
0, 127296,  10.25,   1.95, 0
0, 127548,  10.25,   1.90, 0
0, 127800,  10.25,   1.96, 0
0, 128052,  10.25,   1.97, 0
0, 128304,  10.25,   2.08, 0
0, 128556,  10.20,   2.38, 0
0, 128808,  10.25,   2.01, 0
0, 129060,  10.24,   1.95, 0
0, 129312,  10.21,   2.25, 0
0, 129564,  10.25,   1.98, 0
0, 129816,  10.20,   1.99, 0
0, 130068,  10.30,   1.97, 0
0, 130320,  10.28,   1.90, 0
0, 130572,  10.23,   1.95, 0
0, 130824,  10.25,   1.97, 0
0, 131076,  10.24,   1.96, 0
0, 131328,  10.26,   2.00, 0
0, 131580,  10.26,   1.95, 0
0, 131832,  10.26,   1.93, 0
0, 132084,  10.30,   1.65, 0
0, 132336,  10.25,   1.82, 0
0, 132588,  10.26,   1.96, 0
0, 132840,  10.25,   2.00, 0
0, 133092,  10.26,   1.94, 0
0, 133344,  10.26,   1.92, 0
0, 133596,  10.25,   2.00, 0
0, 133848,  10.24,   1.91, 0
0, 134100,  10.26,   1.93, 0
0, 134352,  10.26,   1.94, 0
0, 134604,  10.26,   1.95, 0
0, 134856,  10.26,   1.95, 0
0, 135108,  10.29,   1.93, 0
0, 135360,  10.24,   1.92, 0
0, 135612,  10.26,   1.97, 0
0, 135864,  10.25,   1.96, 0
0, 136116,  10.25,   1.97, 0
0, 136368,  10.26,   1.97, 0
0, 136620,  10.25,   1.93, 0
0, 136872,  10.25,   1.97, 0
0, 137124,  10.26,   1.95, 0
0, 137376,  10.24,   1.99, 0
0, 137628,  10.24,   1.98, 0
0, 137880,  10.27,   1.92, 0
0, 138132,  10.25,   1.92, 0
0, 138384,  10.25,   1.94, 0
0, 138636,  10.25,   1.99, 0
0, 138888,  10.25,   1.95, 0
0, 139140,  10.26,   1.99, 0
0, 139392,  10.27,   1.96, 0
0, 139644,  10.25,   1.92, 0
0, 139896,  10.27,   1.94, 0
0, 140148,  10.26,   1.94, 0
0, 140400,  10.22,   1.96, 0
0, 140652,  10.25,   1.99, 0
0, 140904,  10.25,   1.97, 0
0, 141156,  10.26,   1.96, 0
0, 141408,  10.26,   1.95, 0
0, 141660,  10.25,   1.97, 0
0, 141912,  10.26,   1.96, 0
0, 142164,  10.25,   1.91, 0
0, 142416,  10.25,   1.93, 0
0, 142668,  10.25,   2.03, 0
0, 142920,  10.26,   1.96, 0
0, 143172,  10.25,   1.98, 0
0, 143424,  10.26,   2.02, 0
0, 143676,  10.25,   1.91, 0
0, 143928,  10.25,   1.94, 0
0, 144180,  10.26,   1.96, 0
0, 144432,  10.25,   1.95, 0
0, 144684,  10.24,   1.95, 0
0, 144936,  10.25,   1.95, 0
0, 145188,  10.24,   1.96, 0
0, 145440,  10.25,   1.99, 0
0, 145692,  10.26,   1.98, 0
0, 145944,  10.25,   1.92, 0
0, 146196,  10.24,   1.92, 0
0, 146448,  10.26,   1.93, 0
0, 146700,  10.26,   1.98, 0
0, 146952,  10.27,   1.94, 0
0, 147204,  10.25,   1.94, 0
0, 147456,  10.27,   1.96, 0
0, 147708,  10.25,   1.96, 0
0, 147960,  10.26,   1.95, 0
0, 148212,  10.24,   1.94, 0
0, 148464,  10.26,   1.93, 0
0, 148716,  10.26,   1.96, 0
0, 148968,  10.25,   1.95, 0
0, 149220,  10.25,   1.93, 0
0, 149472,  10.25,   1.93, 0
0, 149724,  10.25,   1.96, 0
0, 149976,  10.26,   1.95, 0
0, 150228,  10.26,   1.94, 0
0, 150480,  10.25,   1.97, 0
0, 150732,  10.25,   1.94, 0
0, 150984,  10.24,   1.98, 0
0, 151236,  10.26,   1.96, 0
0, 151488,  10.25,   1.96, 0
0, 151740,  10.25,   1.98, 0
0, 151992,  10.25,   1.94, 0
0, 152244,  10.25,   1.93, 0
0, 152496,  10.24,   1.97, 0
0, 152748,  10.27,   1.96, 0
0, 153000,  10.27,   1.97, 0
0, 153252,  10.28,   1.93, 0
0, 153504,  10.26,   1.95, 0
0, 153756,  10.27,   1.95, 0
0, 154008,  10.25,   1.98, 0
0, 154260,  10.26,   1.98, 0
0, 154512,  10.24,   1.94, 0
0, 154764,  10.25,   1.94, 0
0, 155016,  10.23,   1.98, 0
0, 155268,  10.23,   2.00, 0
0, 155520,  10.25,   1.94, 0
0, 155772,  10.24,   1.99, 0
0, 156024,  10.25,   1.94, 0
0, 156276,  10.27,   1.95, 0
0, 156528,  10.26,   1.91, 0
0, 156780,  10.25,   1.96, 0
0, 157032,  10.25,   1.93, 0
0, 157284,  10.25,   1.94, 0
0, 157536,  10.25,   1.96, 0
0, 157788,  10.25,   1.93, 0
0, 158040,  10.25,   1.99, 0
0, 158292,  10.26,   1.96, 0
0, 158544,  10.25,   1.93, 0
0, 158796,  10.24,   1.95, 0
0, 159048,  10.25,   1.97, 0
0, 159300,  10.25,   1.93, 0
0, 159552,  10.23,   1.92, 0
0, 159804,  10.24,   2.00, 0
0, 160056,  10.25,   1.94, 0
0, 160308,  10.25,   1.94, 0
0, 160560,  10.25,   1.96, 0
0, 160812,  10.25,   1.95, 0
0, 161064,  10.25,   1.95, 0
0, 161316,  10.24,   1.98, 0
0, 161568,  10.25,   1.97, 0
0, 161820,  10.26,   1.95, 0
0, 162072,  10.25,   1.90, 0
0, 162324,  10.24,   1.94, 0
0, 162576,  10.24,   1.93, 0
0, 162828,  10.25,   1.93, 0
0, 163080,  10.26,   1.92, 0
0, 163332,  10.26,   1.93, 0
0, 163584,  10.26,   1.94, 0
0, 163836,  10.26,   1.94, 0
0, 164088,  10.25,   1.98, 0
0, 164340,  10.27,   1.92, 0
0, 164592,  10.26,   1.93, 0
0, 164844,  10.27,   1.95, 0
0, 165096,  10.28,   1.93, 0
0, 165348,  10.24,   1.98, 0
0, 165600,  10.26,   1.92, 0
0, 165852,  10.26,   1.92, 0
0, 166104,  10.25,   1.94, 0
0, 166356,  10.25,   1.95, 0
0, 166608,  10.26,   1.93, 0
0, 166860,  10.25,   1.97, 0
0, 167112,  10.27,   1.98, 0
0, 167364,  10.27,   1.92, 0
0, 167616,  10.27,   1.93, 0
0, 167868,  10.28,   1.94, 0
0, 168120,  10.28,   1.96, 0
0, 168372,  10.26,   1.92, 0
0, 168624,  10.26,   1.93, 0
0, 168876,  10.28,   1.91, 0
0, 169128,  10.26,   1.91, 0
0, 169380,  10.28,   1.95, 0
0, 169632,  10.26,   1.91, 0
0, 169884,  10.27,   1.95, 0
0, 170136,  10.26,   1.91, 0
0, 170388,  10.27,   1.94, 0
0, 170640,  10.28,   1.92, 0
0, 170892,  10.27,   1.88, 0
0, 171144,  10.28,   1.88, 0
0, 171396,  10.24,   1.93, 0
0, 171648,  10.25,   1.97, 0
0, 171900,  10.25,   1.96, 0
0, 172152,  10.21,   1.87, 0
0, 172404,  10.26,   1.99, 0
0, 172656,  10.26,   1.87, 0
0, 172908,  10.26,   1.86, 0
0, 173160,  10.27,   2.00, 0
0, 173412,  10.26,   1.92, 0
0, 173664,  10.26,   2.00, 0
0, 173916,  10.27,   1.92, 0
0, 174168,  10.26,   1.89, 0
0, 174420,  10.27,   1.93, 0
0, 174672,  10.26,   1.91, 0
0, 174924,  10.25,   1.91, 0
0, 175176,  10.27,   1.93, 0
0, 175428,  10.26,   1.91, 0
0, 175680,  10.26,   1.95, 0
0, 175932,  10.26,   1.97, 0
0, 176184,  10.26,   1.95, 0
0, 176436,  10.26,   1.94, 0
0, 176688,  10.25,   1.95, 0
0, 176940,  10.24,   1.91, 0
0, 177192,  10.24,   1.92, 0
0, 177444,  10.25,   1.96, 0
0, 177696,  10.25,   1.94, 0
0, 177948,  10.26,   1.91, 0
0, 178200,  10.27,   1.90, 0
0, 178452,  10.27,   1.92, 0
0, 178704,  10.26,   1.90, 0
0, 178956,  10.25,   1.90, 0
0, 179208,  10.26,   1.90, 0
0, 179460,  10.26,   1.93, 0
0, 179712,  10.26,   1.93, 0
0, 179964,  10.26,   1.93, 0
0, 180216,  10.26,   1.94, 0
0, 180468,  10.26,   1.96, 0
0, 180720,  10.25,   1.94, 0
0, 180972,  10.23,   1.90, 0
0, 181224,  10.24,   1.99, 0
0, 181476,  10.27,   1.78, 0
0, 181728,  10.24,   1.97, 0
0, 181980,  10.21,   1.89, 0
0, 182232,  10.26,   1.91, 0
0, 182484,  10.25,   1.92, 0
0, 182736,  10.23,   1.96, 0
0, 182988,  10.26,   1.98, 0
0, 183240,  10.26,   1.91, 0
0, 183492,  10.26,   1.91, 0
0, 183744,  10.26,   1.92, 0
0, 183996,  10.23,   1.93, 0
0, 184248,  10.26,   1.93, 0
0, 184500,  10.25,   1.93, 0
0, 184752,  10.25,   1.94, 0
0, 185004,  10.26,   1.94, 0
0, 185256,  10.26,   1.92, 0
0, 185508,  10.26,   1.93, 0
0, 185760,  10.27,   1.93, 0
0, 186012,  10.26,   1.92, 0
0, 186264,  10.27,   1.90, 0
0, 186516,  10.25,   1.93, 0
0, 186768,  10.33,   1.92, 0
0, 187020,  10.28,   1.89, 0
0, 187272,  10.27,   1.95, 0
0, 187524,  10.26,   1.92, 0
0, 187776,  10.24,   1.95, 0
0, 188028,  10.25,   1.96, 0
0, 188280,  10.26,   1.91, 0
0, 188532,  10.25,   1.95, 0
0, 188784,  10.25,   1.93, 0
0, 189036,  10.25,   1.92, 0
0, 189288,  10.26,   1.95, 0
0, 189540,  10.27,   1.93, 0
0, 189792,  10.28,   1.94, 0
0, 190044,  10.26,   1.91, 0
0, 190296,  10.26,   1.94, 0
0, 190548,  10.26,   1.89, 0
0, 190800,  10.26,   1.91, 0
0, 191052,  10.25,   1.97, 0
0, 191304,  10.26,   1.94, 0
0, 191556,  10.26,   1.93, 0
0, 191808,  10.26,   1.94, 0
0, 192060,  10.26,   1.95, 0
0, 192312,  10.27,   1.95, 0
0, 192564,  10.23,   1.97, 0
0, 192816,  10.26,   1.91, 0
0, 193068,  10.25,   1.92, 0
0, 193320,  10.26,   1.93, 0
0, 193572,  10.25,   1.95, 0
0, 193824,  10.26,   1.93, 0
0, 194076,  10.26,   1.94, 0
0, 194328,  10.26,   1.93, 0
0, 194580,  10.26,   1.93, 0
0, 194832,  10.26,   1.91, 0
0, 195084,  10.26,   1.94, 0
0, 195336,  10.24,   1.90, 0
0, 195588,  10.26,   1.95, 0
0, 195840,  10.27,   1.94, 0
0, 196092,  10.28,   1.88, 0
0, 196344,  10.25,   1.92, 0
0, 196596,  10.25,   1.91, 0
0, 196848,  10.26,   1.93, 0
0, 197100,  10.25,   1.93, 0
0, 197352,  10.27,   1.90, 0
0, 197604,  10.26,   1.94, 0
0, 197856,  10.26,   1.92, 0
0, 198108,  10.26,   1.93, 0
0, 198360,  10.26,   1.94, 0
0, 198612,  10.28,   1.86, 0
0, 198864,  10.27,   1.92, 0
0, 199116,  10.27,   1.95, 0
0, 199368,  10.25,   1.91, 0
0, 199620,  10.26,   1.92, 0
0, 199872,  10.26,   1.91, 0
0, 200124,  10.26,   1.90, 0
0, 200376,  10.28,   1.92, 0
0, 200628,  10.27,   1.92, 0
0, 200880,  10.25,   1.92, 0
0, 201132,  10.25,   1.90, 0
0, 201384,  10.25,   1.94, 0
0, 201636,  10.24,   1.92, 0
0, 201888,  10.26,   1.96, 0
0, 202140,  10.25,   1.91, 0
0, 202392,  10.26,   1.90, 0
0, 202644,  10.27,   1.91, 0
0, 202896,  10.25,   1.91, 0
0, 203148,  10.26,   1.92, 0
0, 203400,  10.26,   1.91, 0
0, 203652,  10.27,   1.92, 0
0, 203904,  10.25,   1.89, 0
0, 204156,  10.25,   1.93, 0
0, 204408,  10.25,   1.93, 0
0, 204660,  10.24,   1.91, 0
0, 204912,  10.25,   1.87, 0
0, 205164,  10.26,   1.86, 0
0, 205416,  10.26,   1.88, 0
0, 205668,  10.26,   1.93, 0
0, 205920,  10.26,   1.87, 0
0, 206172,  10.26,   1.99, 0
0, 206424,  10.22,   1.98, 0
0, 206676,  10.26,   1.94, 0
0, 206928,  10.25,   1.87, 0
0, 207180,  10.25,   1.89, 0
0, 207432,  10.25,   1.92, 0
0, 207684,  10.27,   1.92, 0
0, 207936,  10.27,   1.92, 0
0, 208188,  10.27,   1.91, 0
0, 208440,  10.26,   1.96, 0
0, 208692,  10.26,   1.95, 0
0, 208944,  10.27,   1.88, 0
0, 209196,  10.26,   1.91, 0
0, 209448,  10.26,   1.91, 0
0, 209700,  10.25,   1.95, 0
0, 209952,  10.26,   1.92, 0
0, 210204,  10.26,   1.92, 0
0, 210456,  10.26,   1.92, 0
0, 210708,  10.26,   1.92, 0
0, 210960,  10.27,   1.91, 0
0, 211212,  10.26,   1.91, 0
0, 211464,  10.26,   1.95, 0
0, 211716,  10.26,   1.94, 0
0, 211968,  10.26,   1.91, 0
0, 212220,  10.26,   1.89, 0
0, 212472,  10.26,   1.93, 0
0, 212724,  10.26,   1.95, 0
0, 212976,  10.26,   1.94, 0
0, 213228,  10.25,   1.88, 0
0, 213480,  10.26,   1.90, 0
0, 213732,  10.25,   1.92, 0
0, 213984,  10.26,   1.89, 0
0, 214236,  10.26,   1.91, 0
0, 214488,  10.26,   1.94, 0
0, 214740,  10.25,   1.93, 0
0, 214992,  10.22,   1.90, 0
0, 215244,  10.24,   1.91, 0
0, 215496,  10.25,   1.93, 0
0, 215748,  10.27,   1.99, 0
0, 216000,  10.28,   2.09, 0
0, 216252,  10.16,   1.98, 0
0, 216504,  10.24,   1.90, 0
0, 216756,  10.26,   1.98, 0
0, 217008,  10.25,   1.94, 0
0, 217260,  10.25,   1.92, 0
0, 217512,  10.26,   1.96, 0
0, 217764,  10.26,   1.93, 0
0, 218016,  10.25,   1.89, 0
0, 218268,  10.27,   1.88, 0
0, 218520,  10.26,   1.84, 0
0, 218772,  10.26,   1.90, 0
0, 219024,  10.26,   1.92, 0
0, 219276,  10.26,   1.94, 0
0, 219528,  10.25,   1.93, 0
0, 219780,  10.25,   1.94, 0
0, 220032,  10.26,   1.93, 0
0, 220284,  10.27,   1.93, 0
0, 220536,  10.27,   1.91, 0
0, 220788,  10.25,   1.91, 0
0, 221040,  10.26,   1.92, 0
0, 221292,  10.26,   1.87, 0
0, 221544,  10.26,   1.89, 0
0, 221796,  10.27,   1.92, 0
0, 222048,  10.27,   1.88, 0
0, 222300,  10.25,   1.93, 0
0, 222552,  10.26,   1.89, 0
0, 222804,  10.26,   1.88, 0
0, 223056,  10.27,   1.93, 0
0, 223308,  10.26,   1.91, 0
0, 223560,  10.26,   1.91, 0
0, 223812,  10.26,   1.92, 0
0, 224064,  10.26,   1.94, 0
0, 224316,  10.26,   1.90, 0
0, 224568,  10.26,   1.89, 0
0, 224820,  10.24,   1.91, 0
0, 225072,  10.27,   1.90, 0
0, 225324,  10.26,   1.91, 0
0, 225576,  10.25,   1.90, 0
0, 225828,  10.26,   1.92, 0
0, 226080,  10.25,   1.92, 0
0, 226332,  10.25,   1.88, 0
0, 226584,  10.26,   1.93, 0
0, 226836,  10.25,   1.91, 0
0, 227088,  10.26,   1.92, 0
0, 227340,  10.26,   1.92, 0
0, 227592,  10.26,   1.88, 0
0, 227844,  10.26,   1.88, 0
0, 228096,  10.26,   1.91, 0
0, 228348,  10.28,   1.89, 0
0, 228600,  10.26,   1.88, 0
0, 228852,  10.28,   1.96, 0
0, 229104,  10.26,   1.92, 0
0, 229356,  10.25,   1.88, 0
0, 229608,  10.26,   1.91, 0
0, 229860,  10.25,   1.90, 0
0, 230112,  10.27,   1.87, 0
0, 230364,  10.26,   1.91, 0
0, 230616,  10.26,   1.94, 0
0, 230868,  10.26,   1.93, 0
0, 231120,  10.26,   1.92, 0
0, 231372,  10.25,   1.94, 0
0, 231624,  10.27,   1.90, 0
0, 231876,  10.27,   1.90, 0
0, 232128,  10.24,   1.90, 0
0, 232380,  10.25,   1.93, 0
0, 232632,  10.27,   1.91, 0
0, 232884,  10.28,   1.89, 0
0, 233136,  10.27,   1.89, 0
0, 233388,  10.25,   1.93, 0
0, 233640,  10.27,   1.92, 0
0, 233892,  10.26,   1.91, 0
0, 234144,  10.26,   1.92, 0
0, 234396,  10.26,   1.90, 0
0, 234648,  10.26,   1.89, 0
0, 234900,  10.26,   1.88, 0
0, 235152,  10.26,   1.92, 0
0, 235404,  10.26,   1.90, 0
0, 235656,  10.26,   1.90, 0
0, 235908,  10.25,   1.91, 0
0, 236160,  10.26,   1.88, 0
0, 236412,  10.25,   1.87, 0
0, 236664,  10.26,   1.89, 0
0, 236916,  10.25,   1.91, 0
0, 237168,  10.25,   1.93, 0
0, 237420,  10.26,   1.94, 0
0, 237672,  10.25,   1.93, 0
0, 237924,  10.25,   1.85, 0
0, 238176,  10.24,   1.90, 0
0, 238428,  10.27,   1.93, 0
0, 238680,  10.25,   1.91, 0
0, 238932,  10.26,   1.90, 0
0, 239184,  10.26,   1.89, 0
0, 239436,  10.25,   1.93, 0
0, 239688,  10.27,   1.90, 0
0, 239940,  10.26,   1.87, 0
0, 240192,  10.26,   1.90, 0
0, 240444,  10.25,   1.89, 0
0, 240696,  10.26,   1.89, 0
0, 240948,  10.25,   1.91, 0
0, 241200,  10.26,   1.89, 0
0, 241452,  10.26,   1.91, 0
0, 241704,  10.26,   1.88, 0
0, 241956,  10.26,   1.90, 0
0, 242208,  10.26,   1.89, 0
0, 242460,  10.27,   1.92, 0
0, 242712,  10.27,   1.91, 0
0, 242964,  10.27,   1.94, 0
0, 243216,  10.26,   1.87, 0
0, 243468,  10.26,   1.87, 0
0, 243720,  10.26,   1.89, 0
0, 243972,  10.26,   1.92, 0
0, 244224,  10.26,   1.89, 0
0, 244476,  10.25,   1.91, 0
0, 244728,  10.25,   1.90, 0
0, 244980,  10.26,   1.92, 0
0, 245232,  10.26,   1.91, 0
0, 245484,  10.26,   1.91, 0
0, 245736,  10.26,   1.91, 0
0, 245988,  10.27,   1.94, 0
0, 246240,  10.26,   1.89, 0
0, 246492,  10.27,   1.90, 0
0, 246744,  10.26,   1.94, 0
0, 246996,  10.26,   1.91, 0
0, 247248,  10.26,   1.92, 0
0, 247500,  10.26,   1.91, 0
0, 247752,  10.28,   1.91, 0
0, 248004,  10.26,   1.89, 0
0, 248256,  10.26,   1.89, 0
0, 248508,  10.27,   1.89, 0
0, 248760,  10.25,   1.92, 0
0, 249012,  10.27,   1.92, 0
0, 249264,  10.26,   1.93, 0
0, 249516,  10.26,   1.89, 0
0, 249768,  10.26,   1.89, 0
0, 250020,  10.23,   1.92, 0
0, 250272,  10.25,   1.91, 0
0, 250524,  10.26,   1.89, 0
0, 250776,  10.25,   1.91, 0
0, 251028,  10.26,   1.87, 0
0, 251280,  10.26,   1.88, 0
0, 251532,  10.26,   1.90, 0
0, 251784,  10.27,   1.90, 0
0, 252036,  10.27,   1.90, 0
0, 252288,  10.26,   1.91, 0
0, 252540,  10.26,   1.89, 0
0, 252792,  10.26,   1.91, 0
0, 253044,  10.26,   1.89, 0
0, 253296,  10.27,   1.90, 0
0, 253548,  10.26,   1.90, 0
0, 253800,  10.26,   1.89, 0
0, 254052,  10.26,   1.89, 0
0, 254304,  10.27,   1.91, 0
0, 254556,  10.26,   1.90, 0
0, 254808,  10.27,   1.92, 0
0, 255060,  10.26,   1.94, 0
0, 255312,  10.26,   1.87, 0
0, 255564,  10.26,   1.92, 0
0, 255816,  10.26,   1.93, 0
0, 256068,  10.27,   1.90, 0
0, 256320,  10.27,   1.90, 0
0, 256572,  10.27,   1.86, 0
0, 256824,  10.26,   1.89, 0
0, 257076,  10.27,   1.89, 0
0, 257328,  10.27,   1.92, 0
0, 257580,  10.26,   1.92, 0
0, 257832,  10.26,   1.91, 0
0, 258084,  10.26,   1.90, 0
0, 258336,  10.26,   1.90, 0
0, 258588,  10.26,   1.93, 0
0, 258840,  10.26,   1.92, 0
0, 259092,  10.26,   1.91, 0
0, 259344,  10.26,   1.92, 0
0, 259596,  10.26,   1.91, 0
0, 259848,  10.26,   1.91, 0
0, 260100,  10.26,   1.91, 0
0, 260352,  10.26,   1.90, 0
0, 260604,  10.26,   1.90, 0
0, 260856,  10.25,   1.90, 0
0, 261108,  10.26,   1.90, 0
0, 261360,  10.26,   1.91, 0
0, 261612,  10.26,   1.90, 0
0, 261864,  10.29,   1.74, 0
0, 262116,  10.26,   1.99, 0
0, 262368,  10.27,   1.97, 0
0, 262620,  10.26,   1.89, 0
0, 262872,  10.26,   1.88, 0
0, 263124,  10.26,   1.88, 0
0, 263376,  10.25,   1.94, 0
0, 263628,  10.27,   1.92, 0
0, 263880,  10.26,   1.94, 0
0, 264132,  10.27,   1.92, 0
0, 264384,  10.26,   1.91, 0
0, 264636,  10.27,   1.89, 0
0, 264888,  10.26,   1.93, 0
0, 265140,  10.27,   1.91, 0
0, 265392,  10.27,   1.91, 0
0, 265644,  10.26,   1.91, 0
0, 265896,  10.26,   1.91, 0
0, 266148,  10.26,   1.92, 0
0, 266400,  10.27,   1.91, 0
0, 266652,  10.26,   1.89, 0
0, 266904,  10.28,   1.92, 0
0, 267156,  10.25,   1.90, 0
0, 267408,  10.25,   1.89, 0
0, 267660,  10.25,   1.91, 0
0, 267912,  10.26,   1.89, 0
0, 268164,  10.27,   1.81, 0
0, 268416,  10.19,   2.03, 0
0, 268668,  10.23,   1.94, 0
0, 268920,  10.26,   1.85, 0
0, 269172,  10.26,   1.88, 0
0, 269424,  10.28,   1.87, 0
0, 269676,  10.26,   1.91, 0
0, 269928,  10.27,   1.93, 0
0, 270180,  10.28,   1.88, 0
0, 270432,  10.24,   1.90, 0
0, 270684,  10.30,   2.02, 0
0, 270936,  10.24,   1.93, 0
0, 271188,  10.26,   1.89, 0
0, 271440,  10.28,   1.90, 0
0, 271692,  10.22,   1.86, 0
0, 271944,  10.26,   1.93, 0
0, 272196,  10.26,   1.92, 0
0, 272448,  10.26,   1.91, 0
0, 272700,  10.23,   1.96, 0
0, 272952,  10.26,   1.91, 0
0, 273204,  10.25,   1.91, 0
0, 273456,  10.26,   1.90, 0
0, 273708,  10.28,   1.88, 0
0, 273960,  10.27,   1.89, 0
0, 274212,  10.27,   1.89, 0
0, 274464,  10.28,   1.92, 0
0, 274716,  10.26,   1.92, 0
0, 274968,  10.27,   1.88, 0
0, 275220,  10.27,   1.89, 0
0, 275472,  10.26,   1.89, 0
0, 275724,  10.26,   1.91, 0
0, 275976,  10.25,   1.88, 0
0, 276228,  10.28,   1.89, 0
0, 276480,  10.26,   1.87, 0
0, 276732,  10.27,   1.91, 0
0, 276984,  10.30,   1.88, 0
0, 277236,  10.24,   1.86, 0
0, 277488,  10.27,   1.91, 0
0, 277740,  10.26,   1.93, 0
0, 277992,  10.26,   1.88, 0
0, 278244,  10.27,   1.89, 0
0, 278496,  10.28,   1.90, 0
0, 278748,  10.27,   1.92, 0
0, 279000,  10.26,   1.90, 0
0, 279252,  10.26,   1.89, 0
0, 279504,  10.27,   1.88, 0
0, 279756,  10.26,   1.92, 0
0, 280008,  10.27,   1.92, 0
0, 280260,  10.27,   1.92, 0
0, 280512,  10.27,   1.90, 0
0, 280764,  10.28,   1.89, 0
0, 281016,  10.27,   1.88, 0
0, 281268,  10.29,   1.95, 0
0, 281520,  10.28,   1.88, 0
0, 281772,  10.26,   1.90, 0
0, 282024,  10.29,   1.92, 0
0, 282276,  10.27,   1.89, 0
0, 282528,  10.27,   1.91, 0
0, 282780,  10.27,   1.87, 0
0, 283032,  10.26,   1.90, 0
0, 283284,  10.26,   1.88, 0
0, 283536,  10.25,   1.90, 0
0, 283788,  10.27,   1.92, 0
0, 284040,  10.26,   1.88, 0
0, 284292,  10.27,   1.87, 0
0, 284544,  10.27,   1.88, 0
0, 284796,  10.30,   2.28, 0
0, 285048,  10.30,   2.03, 0
0, 285300,  10.29,   1.96, 0
0, 285552,  10.29,   1.90, 0
0, 285804,  10.26,   1.92, 0
0, 286056,  10.24,   1.92, 0
0, 286308,  10.25,   1.89, 0
0, 286560,  10.25,   2.01, 0
0, 286812,  10.27,   1.95, 0
0, 287064,  10.25,   1.82, 0
0, 287316,  10.27,   1.83, 0
0, 287568,  10.23,   1.85, 0
0, 287820,  10.23,   1.94, 0
0, 288072,  10.25,   1.91, 0
0, 288324,  10.27,   1.87, 0
0, 288576,  10.27,   1.91, 0
0, 288828,  10.27,   1.90, 0
0, 289080,  10.28,   1.92, 0
0, 289332,  10.26,   1.90, 0
0, 289584,  10.27,   1.92, 0
0, 289836,  10.27,   1.90, 0
0, 290088,  10.25,   1.89, 0
0, 290340,  10.26,   1.91, 0
0, 290592,  10.26,   1.90, 0
0, 290844,  10.26,   1.89, 0
0, 291096,  10.27,   1.89, 0
0, 291348,  10.26,   1.91, 0
0, 291600,  10.27,   1.89, 0
0, 291852,  10.26,   1.91, 0
0, 292104,  10.27,   1.89, 0
0, 292356,  10.26,   1.90, 0
0, 292608,  10.27,   1.87, 0
0, 292860,  10.26,   1.88, 0
0, 293112,  10.27,   1.89, 0
0, 293364,  10.26,   1.90, 0
0, 293616,  10.26,   1.88, 0
0, 293868,  10.27,   1.88, 0
0, 294120,  10.26,   1.90, 0
0, 294372,  10.26,   1.93, 0
0, 294624,  10.26,   1.92, 0
0, 294876,  10.26,   1.86, 0
0, 295128,  10.26,   1.88, 0
0, 295380,  10.27,   1.88, 0
0, 295632,  10.28,   1.89, 0
0, 295884,  10.26,   1.92, 0
0, 296136,  10.27,   1.88, 0
0, 296388,  10.26,   1.88, 0
0, 296640,  10.26,   1.90, 0
0, 296892,  10.27,   1.93, 0
0, 297144,  10.26,   1.91, 0
0, 297396,  10.27,   1.91, 0
0, 297648,  10.25,   1.91, 0
0, 297900,  10.27,   1.90, 0
0, 298152,  10.27,   1.90, 0
0, 298404,  10.27,   1.90, 0
0, 298656,  10.27,   1.90, 0
0, 298908,  10.27,   1.89, 0
0, 299160,  10.26,   1.90, 0
0, 299412,  10.26,   1.88, 0
0, 299664,  10.27,   1.90, 0
0, 299916,  10.27,   1.88, 0
0, 300168,  10.26,   1.88, 0
0, 300420,  10.26,   1.89, 0
0, 300672,  10.27,   1.90, 0
0, 300924,  10.26,   1.87, 0
0, 301176,  10.27,   1.88, 0
0, 301428,  10.27,   1.90, 0
0, 301680,  10.26,   1.91, 0
0, 301932,  10.27,   1.92, 0
0, 302184,  10.27,   1.92, 0
0, 302436,  10.27,   1.90, 0
0, 302688,  10.27,   1.90, 0
0, 302940,  10.26,   1.89, 0
0, 303192,  10.26,   1.87, 0
0, 303444,  10.27,   1.86, 0
0, 303696,  10.26,   1.85, 0
0, 303948,  10.27,   1.89, 0
0, 304200,  10.26,   1.86, 0
0, 304452,  10.25,   1.90, 0
0, 304704,  10.27,   1.88, 0
0, 304956,  10.27,   1.89, 0
0, 305208,  10.27,   1.90, 0
0, 305460,  10.26,   1.90, 0
0, 305712,  10.27,   1.92, 0
0, 305964,  10.27,   1.88, 0
0, 306216,  10.26,   1.89, 0
0, 306468,  10.26,   1.89, 0
0, 306720,  10.26,   1.88, 0
0, 306972,  10.27,   1.88, 0
0, 307224,  10.28,   1.89, 0
0, 307476,  10.27,   1.86, 0
0, 307728,  10.27,   1.89, 0
0, 307980,  10.27,   1.88, 0
0, 308232,  10.26,   1.87, 0
0, 308484,  10.27,   1.90, 0
0, 308736,  10.27,   1.89, 0
0, 308988,  10.27,   1.87, 0
0, 309240,  10.27,   1.89, 0
0, 309492,  10.27,   1.85, 0
0, 309744,  10.27,   1.89, 0
0, 309996,  10.27,   1.83, 0
0, 310248,  10.26,   1.83, 0
0, 310500,  10.28,   1.89, 0
0, 310752,  10.23,   1.91, 0
0, 311004,  10.28,   1.85, 0
0, 311256,  10.27,   1.86, 0
0, 311508,  10.28,   1.89, 0
0, 311760,  10.27,   1.90, 0
0, 312012,  10.27,   1.88, 0
0, 312264,  10.26,   1.92, 0
0, 312516,  10.26,   1.87, 0
0, 312768,  10.27,   1.89, 0
0, 313020,  10.26,   1.90, 0
0, 313272,  10.24,   2.07, 0
0, 313524,  10.25,   1.92, 0
0, 313776,  10.27,   1.94, 0
0, 314028,  10.29,   1.90, 0
0, 314280,  10.27,   1.85, 0
0, 314532,  10.26,   1.85, 0
0, 314784,  10.27,   1.87, 0
0, 315036,  10.27,   1.90, 0
0, 315288,  10.26,   1.88, 0
0, 315540,  10.26,   1.90, 0
0, 315792,  10.28,   1.91, 0
0, 316044,  10.26,   2.17, 0
0, 316296,  10.16,   1.82, 0
0, 316548,  10.29,   1.81, 0
0, 316800,  10.29,   1.88, 0
0, 317052,  10.26,   1.87, 0
0, 317304,  10.26,   1.90, 0
0, 317556,  10.28,   1.92, 0
0, 317808,  10.29,   1.99, 0
0, 318060,  10.28,   1.88, 0
0, 318312,  10.27,   1.87, 0
0, 318564,  10.26,   1.87, 0
0, 318816,  10.26,   1.88, 0
0, 319068,  10.26,   1.89, 0
0, 319320,  10.26,   1.86, 0
0, 319572,  10.26,   1.87, 0
0, 319824,  10.26,   1.89, 0
0, 320076,  10.26,   1.90, 0
0, 320328,  10.26,   1.90, 0
0, 320580,  10.26,   1.89, 0
0, 320832,  10.26,   1.91, 0
0, 321084,  10.27,   1.88, 0
0, 321336,  10.27,   1.91, 0
0, 321588,  10.27,   1.89, 0
0, 321840,  10.27,   1.87, 0
0, 322092,  10.26,   1.92, 0
0, 322344,  10.26,   1.89, 0
0, 322596,  10.26,   1.90, 0
0, 322848,  10.27,   1.88, 0
0, 323100,  10.27,   1.90, 0
0, 323352,  10.27,   1.89, 0
0, 323604,  10.27,   1.86, 0
0, 323856,  10.27,   1.89, 0
0, 324108,  10.27,   1.90, 0
0, 324360,  10.27,   1.90, 0
0, 324612,  10.26,   1.89, 0
0, 324864,  10.27,   1.90, 0
0, 325116,  10.26,   1.86, 0
0, 325368,  10.26,   1.83, 0
0, 325620,  10.27,   1.86, 0
0, 325872,  10.28,   1.89, 0
0, 326124,  10.27,   1.90, 0
0, 326376,  10.28,   1.89, 0
0, 326628,  10.26,   1.89, 0
0, 326880,  10.26,   1.89, 0
0, 327132,  10.27,   1.89, 0
0, 327384,  10.27,   1.89, 0
0, 327636,  10.27,   1.87, 0
0, 327888,  10.27,   1.90, 0
0, 328140,  10.27,   1.90, 0
0, 328392,  10.26,   1.91, 0
0, 328644,  10.27,   1.93, 0
0, 328896,  10.27,   1.87, 0
0, 329148,  10.27,   1.92, 0
0, 329400,  10.27,   1.87, 0
0, 329652,  10.26,   1.86, 0
0, 329904,  10.26,   1.89, 0
0, 330156,  10.27,   1.89, 0
0, 330408,  10.27,   1.89, 0
0, 330660,  10.27,   1.90, 0
0, 330912,  10.27,   1.91, 0
0, 331164,  10.27,   1.88, 0
0, 331416,  10.28,   1.87, 0
0, 331668,  10.27,   1.90, 0
0, 331920,  10.27,   1.91, 0
0, 332172,  10.27,   1.89, 0
0, 332424,  10.26,   1.90, 0
0, 332676,  10.26,   1.88, 0
0, 332928,  10.27,   1.87, 0
0, 333180,  10.27,   1.82, 0
0, 333432,  10.32,   2.17, 0
0, 333684,  10.29,   1.86, 0
0, 333936,  10.26,   1.84, 0
0, 334188,  10.22,   1.58, 0
0, 334440,  10.27,   1.75, 0
0, 334692,  10.27,   1.90, 0
0, 334944,  10.29,   1.86, 0
0, 335196,  10.27,   1.91, 0
0, 335448,  10.27,   2.18, 0
0, 335700,  10.24,   1.95, 0
0, 335952,  10.26,   1.94, 0
0, 336204,  10.29,   1.89, 0
0, 336456,  10.26,   1.91, 0
0, 336708,  10.27,   1.93, 0
0, 336960,  10.27,   1.88, 0
0, 337212,  10.27,   1.92, 0
0, 337464,  10.26,   1.84, 0
0, 337716,  10.28,   1.85, 0
0, 337968,  10.28,   1.83, 0
0, 338220,  10.28,   1.84, 0
0, 338472,  10.27,   1.84, 0
0, 338724,  10.33,   1.76, 0
0, 338976,  10.29,   1.68, 0
0, 339228,  10.28,   1.83, 0
0, 339480,  10.28,   1.92, 0
0, 339732,  10.27,   1.92, 0
0, 339984,  10.27,   1.91, 0
0, 340236,  10.26,   1.88, 0
0, 340488,  10.27,   1.89, 0
0, 340740,  10.26,   1.91, 0
0, 340992,  10.28,   1.88, 0
0, 341244,  10.29,   1.87, 0
0, 341496,  10.26,   1.88, 0
0, 341748,  10.26,   1.91, 0
0, 342000,  10.28,   1.87, 0
0, 342252,  10.27,   1.89, 0
0, 342504,  10.27,   1.85, 0
0, 342756,  10.27,   1.89, 0
0, 343008,  10.26,   1.90, 0
0, 343260,  10.26,   1.93, 0
0, 343512,  10.25,   1.92, 0
0, 343764,  10.28,   1.87, 0
0, 344016,  10.29,   1.89, 0
0, 344268,  10.27,   1.90, 0
0, 344520,  10.28,   1.87, 0
0, 344772,  10.27,   1.91, 0
0, 345024,  10.27,   1.89, 0
0, 345276,  10.27,   1.91, 0
0, 345528,  10.30,   1.95, 0
0, 345780,  10.27,   1.86, 0
0, 346032,  10.27,   1.90, 0
0, 346284,  10.27,   1.90, 0
0, 346536,  10.27,   1.89, 0
0, 346788,  10.27,   1.89, 0
0, 347040,  10.27,   1.90, 0
0, 347292,  10.27,   1.90, 0
0, 347544,  10.27,   1.88, 0
0, 347796,  10.28,   1.86, 0
0, 348048,  10.26,   1.86, 0
0, 348300,  10.28,   1.90, 0
0, 348552,  10.27,   1.81, 0
0, 348804,  10.27,   1.92, 0
0, 349056,  10.27,   1.93, 0
0, 349308,  10.27,   1.92, 0
0, 349560,  10.27,   1.89, 0
0, 349812,  10.27,   1.87, 0
0, 350064,  10.25,   1.92, 0
0, 350316,  10.26,   1.97, 0
0, 350568,  10.28,   1.96, 0
0, 350820,  10.28,   1.83, 0
0, 351072,  10.27,   1.89, 0
0, 351324,  10.28,   1.87, 0
0, 351576,  10.27,   1.88, 0
0, 351828,  10.30,   1.88, 0
0, 352080,  10.28,   1.83, 0
0, 352332,  10.27,   1.85, 0
0, 352584,  10.26,   1.95, 0
0, 352836,  10.29,   1.91, 0
0, 353088,  10.28,   1.86, 0
0, 353340,  10.28,   1.85, 0
0, 353592,  10.28,   1.87, 0
0, 353844,  10.29,   1.87, 0
0, 354096,  10.27,   1.88, 0
0, 354348,  10.28,   1.91, 0
0, 354600,  10.28,   2.00, 0
0, 354852,  10.23,   2.12, 0
0, 355104,  10.28,   1.81, 0
0, 355356,  10.27,   1.88, 0
0, 355608,  10.30,   1.83, 0
0, 355860,  10.27,   1.86, 0
0, 356112,  10.28,   1.86, 0
0, 356364,  10.28,   1.88, 0
0, 356616,  10.28,   1.89, 0
0, 356868,  10.27,   1.86, 0
0, 357120,  10.26,   1.91, 0
0, 357372,  10.27,   1.89, 0
0, 357624,  10.26,   1.87, 0
0, 357876,  10.26,   1.85, 0
0, 358128,  10.28,   1.88, 0
0, 358380,  10.28,   1.88, 0
0, 358632,  10.26,   1.89, 0
0, 358884,  10.27,   1.86, 0
0, 359136,  10.25,   1.88, 0
0, 359388,  10.26,   1.91, 0
0, 359640,  10.23,   1.93, 0
0, 359892,  10.30,   1.87, 0
0, 360144,  10.29,   1.86, 0
0, 360396,  10.26,   1.87, 0
0, 360648,  10.22,   1.93, 0
0, 360900,  10.28,   1.93, 0
0, 361152,  10.27,   1.90, 0
0, 361404,  10.24,   1.91, 0
0, 361656,  10.25,   1.95, 0
0, 361908,  10.26,   1.94, 0
0, 362160,  10.31,   1.71, 0
0, 362412,  10.19,   1.89, 0
0, 362664,  10.24,   1.74, 0
0, 362916,  10.31,   1.76, 0
0, 363168,  10.28,   1.93, 0
0, 363420,  10.30,   1.88, 0
0, 363672,  10.26,   1.85, 0
0, 363924,  10.38,   1.78, 0
0, 364176,  10.26,   1.79, 0
0, 364428,  10.30,   1.90, 0
0, 364680,  10.24,   1.87, 0
0, 364932,  10.29,   1.82, 0
0, 365184,  10.33,   1.91, 0
0, 365436,  10.29,   1.87, 0
0, 365688,  10.25,   1.89, 0
0, 365940,  10.28,   1.87, 0
0, 366192,  10.25,   1.88, 0
0, 366444,  10.27,   1.84, 0
0, 366696,  10.26,   1.93, 0
0, 366948,  10.25,   1.92, 0
0, 367200,  10.26,   1.92, 0
0, 367452,  10.29,   1.88, 0
0, 367704,  10.29,   1.88, 0
0, 367956,  10.28,   1.85, 0
0, 368208,  10.28,   1.87, 0
0, 368460,  10.28,   1.87, 0
0, 368712,  10.27,   1.88, 0
0, 368964,  10.27,   1.86, 0
0, 369216,  10.28,   1.91, 0
0, 369468,  10.24,   1.88, 0
0, 369720,  10.27,   1.95, 0
0, 369972,  10.28,   1.83, 0
0, 370224,  10.27,   1.81, 0
0, 370476,  10.28,   1.85, 0
0, 370728,  10.28,   1.89, 0
0, 370980,  10.26,   1.82, 0
0, 371232,  10.28,   1.90, 0
0, 371484,  10.27,   1.89, 0
0, 371736,  10.27,   1.92, 0
0, 371988,  10.27,   1.93, 0
0, 372240,  10.26,   1.91, 0
0, 372492,  10.28,   1.84, 0
0, 372744,  10.27,   1.88, 0
0, 372996,  10.27,   1.92, 0
0, 373248,  10.23,   1.91, 0
0, 373500,  10.24,   1.95, 0
0, 373752,  10.26,   1.89, 0
0, 374004,  10.25,   1.86, 0
0, 374256,  10.24,   1.90, 0
0, 374508,  10.28,   1.90, 0
0, 374760,  10.27,   1.91, 0
0, 375012,  10.26,   1.87, 0
0, 375264,  10.25,   1.90, 0
0, 375516,  10.26,   1.89, 0
0, 375768,  10.27,   1.92, 0
0, 376020,  10.28,   1.88, 0
0, 376272,  10.27,   1.86, 0
0, 376524,  10.27,   1.86, 0
0, 376776,  10.27,   1.84, 0
0, 377028,  10.28,   1.88, 0
0, 377280,  10.25,   2.20, 0
0, 377532,  10.26,   2.06, 0
0, 377784,  10.26,   1.93, 0
0, 378036,  10.23,   1.68, 0
0, 378288,  10.25,   1.84, 0
0, 378540,  10.26,   1.89, 0
0, 378792,  10.26,   1.86, 0
0, 379044,  10.26,   1.89, 0
0, 379296,  10.27,   1.89, 0
0, 379548,  10.26,   1.88, 0
0, 379800,  10.27,   1.87, 0
0, 380052,  10.26,   1.87, 0
0, 380304,  10.26,   1.86, 0
0, 380556,  10.27,   1.89, 0
0, 380808,  10.27,   1.91, 0
0, 381060,  10.29,   1.86, 0
0, 381312,  10.29,   1.88, 0
0, 381564,  10.24,   1.87, 0
0, 381816,  10.27,   1.92, 0
0, 382068,  10.26,   1.94, 0
0, 382320,  10.27,   2.02, 0
